ID+AF8-NOTICE+AF8-CN,TED+AF8-NOTICE+AF8-URL,YEAR,ID+AF8-TYPE,DT+AF8-DISPATCH,XSD+AF8-VERSION,CANCELLED,CORRECTIONS,FUTURE+AF8-CAN+AF8-ID,FUTURE+AF8-CAN+AF8-ID+AF8-ESTIMATED,B+AF8-MULTIPLE+AF8-CAE,CAE+AF8-NAME,CAE+AF8-NATIONALID,CAE+AF8-ADDRESS,CAE+AF8-TOWN,CAE+AF8-POSTAL+AF8-CODE,ISO+AF8-COUNTRY+AF8-CODE,B+AF8-MULTIPLE+AF8-COUNTRY,ISO+AF8-COUNTRY+AF8-CODE+AF8-ALL,CAE+AF8-TYPE,EU+AF8-INST+AF8-CODE,MAIN+AF8-ACTIVITY,B+AF8-ON+AF8-BEHALF,B+AF8-INVOLVES+AF8-JOINT+AF8-PROCUREMENT,B+AF8-AWARDED+AF8-BY+AF8-CENTRAL+AF8-BODY,TYPE+AF8-OF+AF8-CONTRACT,TAL+AF8-LOCATION+AF8-NUTS,B+AF8-FRA+AF8-AGREEMENT,FRA+AF8-ESTIMATED,B+AF8-FRA+AF8-SINGLE+AF8-OPERATOR,FRA+AF8-NUMBER+AF8-OPERATORS,FRA+AF8-NUMBER+AF8-MAX+AF8-OPERATORS,B+AF8-DYN+AF8-PURCH+AF8-SYST,CPV,ID+AF8-LOT,ADDITIONAL+AF8-CPVS,B+AF8-GPA,LOTS+AF8-NUMBER,LOTS+AF8-SUBMISSION,B+AF8-VARIANTS,VALUE+AF8-EURO,VALUE+AF8-EURO+AF8-FIN+AF8-1,VALUE+AF8-EURO+AF8-FIN+AF8-2,B+AF8-OPTIONS,B+AF8-EU+AF8-FUNDS,B+AF8-RENEWALS,DURATION,CONTRACT+AF8-START,CONTRACT+AF8-COMPLETION,TOP+AF8-TYPE,B+AF8-ACCELERATED,ENV+AF8-OPERATORS,ENV+AF8-MIN+AF8-OPERATORS,ENV+AF8-MAX+AF8-OPERATORS,CRIT+AF8-CODE,CRIT+AF8-PRICE+AF8-WEIGHT,CRIT+AF8-CRITERIA,CRIT+AF8-WEIGHTS,B+AF8-ELECTRONIC+AF8-AUCTION,DT+AF8-APPLICATIONS,B+AF8-LANGUAGE+AF8-ANY+AF8-EC,ADMIN+AF8-LANGUAGES+AF8-TENDER,ADMIN+AF8-OTHER+AF8-LANGUAGES+AF8-TENDER,B+AF8-RECURRENT+AF8-PROCUREMENT,is_outlier,anomaly_score
2020159,ted.europa.eu/udl?uri+AD0-TED:NOTICE:159+AC0-2020:TEXT:EN:HTML,2020,2,30/12/19,R209.S3,0,1,2020301456,0,N,Szko+//3//Q-a G+//3//f/9//0-wna Gospodarstwa Wiejskiego w Warszawie,,ul. Nowoursynowska 166,Warszawa,02+AC0-787,PL,N,,8,,Education,N,N,N,U,PL911,N,,,,,N,38410000,3,38432200+AC0ALQAt-42910000+AC0ALQAt-42513000+AC0ALQAt-33793000+AC0ALQAt-42996400+AC0ALQAt-38437000+AC0ALQAt-38410000+AC0ALQAt-38000000+AC0ALQAt-38433000+AC0ALQAt-38436000+AC0ALQAt-42959000+AC0ALQAt-19520000,Y,23,,N,,,,N,Y,N,1.97,,,OPE,,,,,M,60.0,Termin realizacji zam+//3//Q-wienia,40.0,N,07/02/20,,PL,,N,False,0.056425846343931774
20208059,ted.europa.eu/udl?uri+AD0-TED:NOTICE:8059+AC0-2020:TEXT:EN:HTML,2020,2,07/01/20,R209.S3,0,0,2020174153,0,N,R+//3//Q-gas Stradi+//3//Q-a universit+//3//Q-te,90000013771.0,Dzirciema iela 16,R+//3//Q-ga,LV+AC0-1007,LV,N,,8,,Education,N,N,N,U,LV00,N,,,,,N,33000000,1,33000000+AC0ALQAt-33182100,Y,2,,N,,,,N,N,N,12.0,,,OPE,,,,,L,,,,N,07/02/20,,LV,,N,False,0.06508904213640188
2020364670,ted.europa.eu/udl?uri+AD0-TED:NOTICE:364670+AC0-2020:TEXT:EN:HTML,2020,2,30/07/20,R209.S3,0,1,2021141148,0,N,Institutul de Boli Infec+//3//Q-ioase +//3//f/9-Prof. Dr. Matei Bal+//3//f/9//3//Q-,9524980.0,Str. Dr. Calistrat Grozovici nr. 1,Bucure+//3//Q-ti,21105,RO,N,,8,,Health,N,N,N,U,RO321,Y,,N,3.0,3.0,N,33140000,44,33140000,Y,91,,N,5570447.8,5570447.8,5570447.8,N,N,N,36.0,,,OPE,,,,,L,,,,N,02/09/20,,RO,,N,False,0.07767711650142306
2020364670,ted.europa.eu/udl?uri+AD0-TED:NOTICE:364670+AC0-2020:TEXT:EN:HTML,2020,2,30/07/20,R209.S3,0,1,2023717786,0,N,Institutul de Boli Infec+//3//Q-ioase +//3//f/9-Prof. Dr. Matei Bal+//3//f/9//3//Q-,9524980.0,Str. Dr. Calistrat Grozovici nr. 1,Bucure+//3//Q-ti,21105,RO,N,,8,,Health,N,N,N,U,RO321,Y,,N,3.0,3.0,N,33140000,44,33140000,Y,91,,N,5570447.8,5570447.8,5570447.8,N,N,N,36.0,,,OPE,,,,,L,,,,N,02/09/20,,RO,,N,False,0.07429271784157604
2020364670,ted.europa.eu/udl?uri+AD0-TED:NOTICE:364670+AC0-2020:TEXT:EN:HTML,2020,2,30/07/20,R209.S3,0,1,2021201158,0,N,Institutul de Boli Infec+//3//Q-ioase +//3//f/9-Prof. Dr. Matei Bal+//3//f/9//3//Q-,9524980.0,Str. Dr. Calistrat Grozovici nr. 1,Bucure+//3//Q-ti,21105,RO,N,,8,,Health,N,N,N,U,RO321,Y,,N,3.0,3.0,N,33140000,44,33140000,Y,91,,N,5570447.8,5570447.8,5570447.8,N,N,N,36.0,,,OPE,,,,,L,,,,N,02/09/20,,RO,,N,False,0.07836600979337571
2020364670,ted.europa.eu/udl?uri+AD0-TED:NOTICE:364670+AC0-2020:TEXT:EN:HTML,2020,2,30/07/20,R209.S3,0,1,2023306387,0,N,Institutul de Boli Infec+//3//Q-ioase +//3//f/9-Prof. Dr. Matei Bal+//3//f/9//3//Q-,9524980.0,Str. Dr. Calistrat Grozovici nr. 1,Bucure+//3//Q-ti,21105,RO,N,,8,,Health,N,N,N,U,RO321,Y,,N,3.0,3.0,N,33140000,45,33140000,Y,91,,N,5570447.8,5570447.8,5570447.8,N,N,N,36.0,,,OPE,,,,,L,,,,N,02/09/20,,RO,,N,False,0.1000245257369351
2020364670,ted.europa.eu/udl?uri+AD0-TED:NOTICE:364670+AC0-2020:TEXT:EN:HTML,2020,2,30/07/20,R209.S3,0,1,202247460,0,N,Institutul de Boli Infec+//3//Q-ioase +//3//f/9-Prof. Dr. Matei Bal+//3//f/9//3//Q-,9524980.0,Str. Dr. Calistrat Grozovici nr. 1,Bucure+//3//Q-ti,21105,RO,N,,8,,Health,N,N,N,U,RO321,Y,,N,3.0,3.0,N,33140000,45,33140000,Y,91,,N,5570447.8,5570447.8,5570447.8,N,N,N,36.0,,,OPE,,,,,L,,,,N,02/09/20,,RO,,N,False,0.07714222674448284
2020364670,ted.europa.eu/udl?uri+AD0-TED:NOTICE:364670+AC0-2020:TEXT:EN:HTML,2020,2,30/07/20,R209.S3,0,1,2021551631,0,N,Institutul de Boli Infec+//3//Q-ioase +//3//f/9-Prof. Dr. Matei Bal+//3//f/9//3//Q-,9524980.0,Str. Dr. Calistrat Grozovici nr. 1,Bucure+//3//Q-ti,21105,RO,N,,8,,Health,N,N,N,U,RO321,Y,,N,3.0,3.0,N,33140000,45,33140000,Y,91,,N,5570447.8,5570447.8,5570447.8,N,N,N,36.0,,,OPE,,,,,L,,,,N,02/09/20,,RO,,N,False,0.10470978305794243
2020364670,ted.europa.eu/udl?uri+AD0-TED:NOTICE:364670+AC0-2020:TEXT:EN:HTML,2020,2,30/07/20,R209.S3,0,1,2023549295,0,N,Institutul de Boli Infec+//3//Q-ioase +//3//f/9-Prof. Dr. Matei Bal+//3//f/9//3//Q-,9524980.0,Str. Dr. Calistrat Grozovici nr. 1,Bucure+//3//Q-ti,21105,RO,N,,8,,Health,N,N,N,U,RO321,Y,,N,3.0,3.0,N,33140000,45,33140000,Y,91,,N,5570447.8,5570447.8,5570447.8,N,N,N,36.0,,,OPE,,,,,L,,,,N,02/09/20,,RO,,N,False,0.09823454419566907
2020364670,ted.europa.eu/udl?uri+AD0-TED:NOTICE:364670+AC0-2020:TEXT:EN:HTML,2020,2,30/07/20,R209.S3,0,1,202111197,0,N,Institutul de Boli Infec+//3//Q-ioase +//3//f/9-Prof. Dr. Matei Bal+//3//f/9//3//Q-,9524980.0,Str. Dr. Calistrat Grozovici nr. 1,Bucure+//3//Q-ti,21105,RO,N,,8,,Health,N,N,N,U,RO321,Y,,N,3.0,3.0,N,33140000,45,33140000,Y,91,,N,5570447.8,5570447.8,5570447.8,N,N,N,36.0,,,OPE,,,,,L,,,,N,02/09/20,,RO,,N,False,0.07517128293416542
2020364670,ted.europa.eu/udl?uri+AD0-TED:NOTICE:364670+AC0-2020:TEXT:EN:HTML,2020,2,30/07/20,R209.S3,0,1,2021332116,0,N,Institutul de Boli Infec+//3//Q-ioase +//3//f/9-Prof. Dr. Matei Bal+//3//f/9//3//Q-,9524980.0,Str. Dr. Calistrat Grozovici nr. 1,Bucure+//3//Q-ti,21105,RO,N,,8,,Health,N,N,N,U,RO321,Y,,N,3.0,3.0,N,33140000,45,33140000,Y,91,,N,5570447.8,5570447.8,5570447.8,N,N,N,36.0,,,OPE,,,,,L,,,,N,02/09/20,,RO,,N,False,0.1028846825627115
2020364670,ted.europa.eu/udl?uri+AD0-TED:NOTICE:364670+AC0-2020:TEXT:EN:HTML,2020,2,30/07/20,R209.S3,0,1,2021644998,0,N,Institutul de Boli Infec+//3//Q-ioase +//3//f/9-Prof. Dr. Matei Bal+//3//f/9//3//Q-,9524980.0,Str. Dr. Calistrat Grozovici nr. 1,Bucure+//3//Q-ti,21105,RO,N,,8,,Health,N,N,N,U,RO321,Y,,N,3.0,3.0,N,33140000,45,33140000,Y,91,,N,5570447.8,5570447.8,5570447.8,N,N,N,36.0,,,OPE,,,,,L,,,,N,02/09/20,,RO,,N,False,0.10417081906123221
2020364670,ted.europa.eu/udl?uri+AD0-TED:NOTICE:364670+AC0-2020:TEXT:EN:HTML,2020,2,30/07/20,R209.S3,0,1,2021502364,0,N,Institutul de Boli Infec+//3//Q-ioase +//3//f/9-Prof. Dr. Matei Bal+//3//f/9//3//Q-,9524980.0,Str. Dr. Calistrat Grozovici nr. 1,Bucure+//3//Q-ti,21105,RO,N,,8,,Health,N,N,N,U,RO321,Y,,N,3.0,3.0,N,33140000,45,33140000,Y,91,,N,5570447.8,5570447.8,5570447.8,N,N,N,36.0,,,OPE,,,,,L,,,,N,02/09/20,,RO,,N,False,0.10470978305794243
2020364670,ted.europa.eu/udl?uri+AD0-TED:NOTICE:364670+AC0-2020:TEXT:EN:HTML,2020,2,30/07/20,R209.S3,0,1,2023683902,0,N,Institutul de Boli Infec+//3//Q-ioase +//3//f/9-Prof. Dr. Matei Bal+//3//f/9//3//Q-,9524980.0,Str. Dr. Calistrat Grozovici nr. 1,Bucure+//3//Q-ti,21105,RO,N,,8,,Health,N,N,N,U,RO321,Y,,N,3.0,3.0,N,33140000,45,33140000,Y,91,,N,5570447.8,5570447.8,5570447.8,N,N,N,36.0,,,OPE,,,,,L,,,,N,02/09/20,,RO,,N,False,0.0966531497525035
2020364670,ted.europa.eu/udl?uri+AD0-TED:NOTICE:364670+AC0-2020:TEXT:EN:HTML,2020,2,30/07/20,R209.S3,0,1,2022215122,0,N,Institutul de Boli Infec+//3//Q-ioase +//3//f/9-Prof. Dr. Matei Bal+//3//f/9//3//Q-,9524980.0,Str. Dr. Calistrat Grozovici nr. 1,Bucure+//3//Q-ti,21105,RO,N,,8,,Health,N,N,N,U,RO321,Y,,N,3.0,3.0,N,33140000,45,33140000,Y,91,,N,5570447.8,5570447.8,5570447.8,N,N,N,36.0,,,OPE,,,,,L,,,,N,02/09/20,,RO,,N,False,0.10241088983275726
2020364670,ted.europa.eu/udl?uri+AD0-TED:NOTICE:364670+AC0-2020:TEXT:EN:HTML,2020,2,30/07/20,R209.S3,0,1,2021393647,0,N,Institutul de Boli Infec+//3//Q-ioase +//3//f/9-Prof. Dr. Matei Bal+//3//f/9//3//Q-,9524980.0,Str. Dr. Calistrat Grozovici nr. 1,Bucure+//3//Q-ti,21105,RO,N,,8,,Health,N,N,N,U,RO321,Y,,N,3.0,3.0,N,33140000,45,33140000,Y,91,,N,5570447.8,5570447.8,5570447.8,N,N,N,36.0,,,OPE,,,,,L,,,,N,02/09/20,,RO,,N,False,0.10479538780689585
2020364670,ted.europa.eu/udl?uri+AD0-TED:NOTICE:364670+AC0-2020:TEXT:EN:HTML,2020,2,30/07/20,R209.S3,0,1,2020553181,0,N,Institutul de Boli Infec+//3//Q-ioase +//3//f/9-Prof. Dr. Matei Bal+//3//f/9//3//Q-,9524980.0,Str. Dr. Calistrat Grozovici nr. 1,Bucure+//3//Q-ti,21105,RO,N,,8,,Health,N,N,N,U,RO321,Y,,N,3.0,3.0,N,33140000,45,33140000,Y,91,,N,5570447.8,5570447.8,5570447.8,N,N,N,36.0,,,OPE,,,,,L,,,,N,02/09/20,,RO,,N,False,0.09825855763835711
2020364670,ted.europa.eu/udl?uri+AD0-TED:NOTICE:364670+AC0-2020:TEXT:EN:HTML,2020,2,30/07/20,R209.S3,0,1,2020624146,0,N,Institutul de Boli Infec+//3//Q-ioase +//3//f/9-Prof. Dr. Matei Bal+//3//f/9//3//Q-,9524980.0,Str. Dr. Calistrat Grozovici nr. 1,Bucure+//3//Q-ti,21105,RO,N,,8,,Health,N,N,N,U,RO321,Y,,N,3.0,3.0,N,33140000,45,33140000,Y,91,,N,5570447.8,5570447.8,5570447.8,N,N,N,36.0,,,OPE,,,,,L,,,,N,02/09/20,,RO,,N,False,0.0991688636220644
2020364670,ted.europa.eu/udl?uri+AD0-TED:NOTICE:364670+AC0-2020:TEXT:EN:HTML,2020,2,30/07/20,R209.S3,0,1,2020611277,0,N,Institutul de Boli Infec+//3//Q-ioase +//3//f/9-Prof. Dr. Matei Bal+//3//f/9//3//Q-,9524980.0,Str. Dr. Calistrat Grozovici nr. 1,Bucure+//3//Q-ti,21105,RO,N,,8,,Health,N,N,N,U,RO321,Y,,N,3.0,3.0,N,33140000,45,33140000,Y,91,,N,5570447.8,5570447.8,5570447.8,N,N,N,36.0,,,OPE,,,,,L,,,,N,02/09/20,,RO,,N,False,0.0991688636220644
2020364670,ted.europa.eu/udl?uri+AD0-TED:NOTICE:364670+AC0-2020:TEXT:EN:HTML,2020,2,30/07/20,R209.S3,0,1,2021673870,0,N,Institutul de Boli Infec+//3//Q-ioase +//3//f/9-Prof. Dr. Matei Bal+//3//f/9//3//Q-,9524980.0,Str. Dr. Calistrat Grozovici nr. 1,Bucure+//3//Q-ti,21105,RO,N,,8,,Health,N,N,N,U,RO321,Y,,N,3.0,3.0,N,33140000,45,33140000,Y,91,,N,5570447.8,5570447.8,5570447.8,N,N,N,36.0,,,OPE,,,,,L,,,,N,02/09/20,,RO,,N,False,0.10417081906123221
2020364670,ted.europa.eu/udl?uri+AD0-TED:NOTICE:364670+AC0-2020:TEXT:EN:HTML,2020,2,30/07/20,R209.S3,0,1,202141140,0,N,Institutul de Boli Infec+//3//Q-ioase +//3//f/9-Prof. Dr. Matei Bal+//3//f/9//3//Q-,9524980.0,Str. Dr. Calistrat Grozovici nr. 1,Bucure+//3//Q-ti,21105,RO,N,,8,,Health,N,N,N,U,RO321,Y,,N,3.0,3.0,N,33140000,45,33140000,Y,91,,N,5570447.8,5570447.8,5570447.8,N,N,N,36.0,,,OPE,,,,,L,,,,N,02/09/20,,RO,,N,False,0.07565796381674361
2020364670,ted.europa.eu/udl?uri+AD0-TED:NOTICE:364670+AC0-2020:TEXT:EN:HTML,2020,2,30/07/20,R209.S3,0,1,202127426,0,N,Institutul de Boli Infec+//3//Q-ioase +//3//f/9-Prof. Dr. Matei Bal+//3//f/9//3//Q-,9524980.0,Str. Dr. Calistrat Grozovici nr. 1,Bucure+//3//Q-ti,21105,RO,N,,8,,Health,N,N,N,U,RO321,Y,,N,3.0,3.0,N,33140000,45,33140000,Y,91,,N,5570447.8,5570447.8,5570447.8,N,N,N,36.0,,,OPE,,,,,L,,,,N,02/09/20,,RO,,N,False,0.07517128293416542
2020364670,ted.europa.eu/udl?uri+AD0-TED:NOTICE:364670+AC0-2020:TEXT:EN:HTML,2020,2,30/07/20,R209.S3,0,1,2023525196,0,N,Institutul de Boli Infec+//3//Q-ioase +//3//f/9-Prof. Dr. Matei Bal+//3//f/9//3//Q-,9524980.0,Str. Dr. Calistrat Grozovici nr. 1,Bucure+//3//Q-ti,21105,RO,N,,8,,Health,N,N,N,U,RO321,Y,,N,3.0,3.0,N,33140000,45,33140000,Y,91,,N,5570447.8,5570447.8,5570447.8,N,N,N,36.0,,,OPE,,,,,L,,,,N,02/09/20,,RO,,N,False,0.09823454419566907
2020364670,ted.europa.eu/udl?uri+AD0-TED:NOTICE:364670+AC0-2020:TEXT:EN:HTML,2020,2,30/07/20,R209.S3,0,1,202325074,0,N,Institutul de Boli Infec+//3//Q-ioase +//3//f/9-Prof. Dr. Matei Bal+//3//f/9//3//Q-,9524980.0,Str. Dr. Calistrat Grozovici nr. 1,Bucure+//3//Q-ti,21105,RO,N,,8,,Health,N,N,N,U,RO321,Y,,N,3.0,3.0,N,33140000,45,33140000,Y,91,,N,5570447.8,5570447.8,5570447.8,N,N,N,36.0,,,OPE,,,,,L,,,,N,02/09/20,,RO,,N,False,0.07312880009411377
2020364670,ted.europa.eu/udl?uri+AD0-TED:NOTICE:364670+AC0-2020:TEXT:EN:HTML,2020,2,30/07/20,R209.S3,0,1,2023581672,0,N,Institutul de Boli Infec+//3//Q-ioase +//3//f/9-Prof. Dr. Matei Bal+//3//f/9//3//Q-,9524980.0,Str. Dr. Calistrat Grozovici nr. 1,Bucure+//3//Q-ti,21105,RO,N,,8,,Health,N,N,N,U,RO321,Y,,N,3.0,3.0,N,33140000,45,33140000,Y,91,,N,5570447.8,5570447.8,5570447.8,N,N,N,36.0,,,OPE,,,,,L,,,,N,02/09/20,,RO,,N,False,0.09727232422927318
2020364670,ted.europa.eu/udl?uri+AD0-TED:NOTICE:364670+AC0-2020:TEXT:EN:HTML,2020,2,30/07/20,R209.S3,0,1,20237226,0,N,Institutul de Boli Infec+//3//Q-ioase +//3//f/9-Prof. Dr. Matei Bal+//3//f/9//3//Q-,9524980.0,Str. Dr. Calistrat Grozovici nr. 1,Bucure+//3//Q-ti,21105,RO,N,,8,,Health,N,N,N,U,RO321,Y,,N,3.0,3.0,N,33140000,45,33140000,Y,91,,N,5570447.8,5570447.8,5570447.8,N,N,N,36.0,,,OPE,,,,,L,,,,N,02/09/20,,RO,,N,False,0.062171210646455644
2020364670,ted.europa.eu/udl?uri+AD0-TED:NOTICE:364670+AC0-2020:TEXT:EN:HTML,2020,2,30/07/20,R209.S3,0,1,2021400142,0,N,Institutul de Boli Infec+//3//Q-ioase +//3//f/9-Prof. Dr. Matei Bal+//3//f/9//3//Q-,9524980.0,Str. Dr. Calistrat Grozovici nr. 1,Bucure+//3//Q-ti,21105,RO,N,,8,,Health,N,N,N,U,RO321,Y,,N,3.0,3.0,N,33140000,45,33140000,Y,91,,N,5570447.8,5570447.8,5570447.8,N,N,N,36.0,,,OPE,,,,,L,,,,N,02/09/20,,RO,,N,False,0.10479538780689585
2020364670,ted.europa.eu/udl?uri+AD0-TED:NOTICE:364670+AC0-2020:TEXT:EN:HTML,2020,2,30/07/20,R209.S3,0,1,2022232626,0,N,Institutul de Boli Infec+//3//Q-ioase +//3//f/9-Prof. Dr. Matei Bal+//3//f/9//3//Q-,9524980.0,Str. Dr. Calistrat Grozovici nr. 1,Bucure+//3//Q-ti,21105,RO,N,,8,,Health,N,N,N,U,RO321,Y,,N,3.0,3.0,N,33140000,45,33140000,Y,91,,N,5570447.8,5570447.8,5570447.8,N,N,N,36.0,,,OPE,,,,,L,,,,N,02/09/20,,RO,,N,False,0.10241088983275726
2020364670,ted.europa.eu/udl?uri+AD0-TED:NOTICE:364670+AC0-2020:TEXT:EN:HTML,2020,2,30/07/20,R209.S3,0,1,2021164699,0,N,Institutul de Boli Infec+//3//Q-ioase +//3//f/9-Prof. Dr. Matei Bal+//3//f/9//3//Q-,9524980.0,Str. Dr. Calistrat Grozovici nr. 1,Bucure+//3//Q-ti,21105,RO,N,,8,,Health,N,N,N,U,RO321,Y,,N,3.0,3.0,N,33140000,45,33140000,Y,91,,N,5570447.8,5570447.8,5570447.8,N,N,N,36.0,,,OPE,,,,,L,,,,N,02/09/20,,RO,,N,False,0.1036316046823208
2020364670,ted.europa.eu/udl?uri+AD0-TED:NOTICE:364670+AC0-2020:TEXT:EN:HTML,2020,2,30/07/20,R209.S3,0,1,2022653606,0,N,Institutul de Boli Infec+//3//Q-ioase +//3//f/9-Prof. Dr. Matei Bal+//3//f/9//3//Q-,9524980.0,Str. Dr. Calistrat Grozovici nr. 1,Bucure+//3//Q-ti,21105,RO,N,,8,,Health,N,N,N,U,RO321,Y,,N,3.0,3.0,N,33140000,45,33140000,Y,91,,N,5570447.8,5570447.8,5570447.8,N,N,N,36.0,,,OPE,,,,,L,,,,N,02/09/20,,RO,,N,False,0.1015657128753828
2020364670,ted.europa.eu/udl?uri+AD0-TED:NOTICE:364670+AC0-2020:TEXT:EN:HTML,2020,2,30/07/20,R209.S3,0,1,2021660830,0,N,Institutul de Boli Infec+//3//Q-ioase +//3//f/9-Prof. Dr. Matei Bal+//3//f/9//3//Q-,9524980.0,Str. Dr. Calistrat Grozovici nr. 1,Bucure+//3//Q-ti,21105,RO,N,,8,,Health,N,N,N,U,RO321,Y,,N,3.0,3.0,N,33140000,45,33140000,Y,91,,N,5570447.8,5570447.8,5570447.8,N,N,N,36.0,,,OPE,,,,,L,,,,N,02/09/20,,RO,,N,False,0.10417081906123221
2020364670,ted.europa.eu/udl?uri+AD0-TED:NOTICE:364670+AC0-2020:TEXT:EN:HTML,2020,2,30/07/20,R209.S3,0,1,2021201158,0,N,Institutul de Boli Infec+//3//Q-ioase +//3//f/9-Prof. Dr. Matei Bal+//3//f/9//3//Q-,9524980.0,Str. Dr. Calistrat Grozovici nr. 1,Bucure+//3//Q-ti,21105,RO,N,,8,,Health,N,N,N,U,RO321,Y,,N,3.0,3.0,N,33140000,45,33140000,Y,91,,N,5570447.8,5570447.8,5570447.8,N,N,N,36.0,,,OPE,,,,,L,,,,N,02/09/20,,RO,,N,False,0.1036316046823208
2020364670,ted.europa.eu/udl?uri+AD0-TED:NOTICE:364670+AC0-2020:TEXT:EN:HTML,2020,2,30/07/20,R209.S3,0,1,2021156978,0,N,Institutul de Boli Infec+//3//Q-ioase +//3//f/9-Prof. Dr. Matei Bal+//3//f/9//3//Q-,9524980.0,Str. Dr. Calistrat Grozovici nr. 1,Bucure+//3//Q-ti,21105,RO,N,,8,,Health,N,N,N,U,RO321,Y,,N,3.0,3.0,N,33140000,45,33140000,Y,91,,N,5570447.8,5570447.8,5570447.8,N,N,N,36.0,,,OPE,,,,,L,,,,N,02/09/20,,RO,,N,False,0.10351679787027701
2020364670,ted.europa.eu/udl?uri+AD0-TED:NOTICE:364670+AC0-2020:TEXT:EN:HTML,2020,2,30/07/20,R209.S3,0,1,2023132064,0,N,Institutul de Boli Infec+//3//Q-ioase +//3//f/9-Prof. Dr. Matei Bal+//3//f/9//3//Q-,9524980.0,Str. Dr. Calistrat Grozovici nr. 1,Bucure+//3//Q-ti,21105,RO,N,,8,,Health,N,N,N,U,RO321,Y,,N,3.0,3.0,N,33140000,45,33140000,Y,91,,N,5570447.8,5570447.8,5570447.8,N,N,N,36.0,,,OPE,,,,,L,,,,N,02/09/20,,RO,,N,False,0.09937670450260122
2020364670,ted.europa.eu/udl?uri+AD0-TED:NOTICE:364670+AC0-2020:TEXT:EN:HTML,2020,2,30/07/20,R209.S3,0,1,202131543,0,N,Institutul de Boli Infec+//3//Q-ioase +//3//f/9-Prof. Dr. Matei Bal+//3//f/9//3//Q-,9524980.0,Str. Dr. Calistrat Grozovici nr. 1,Bucure+//3//Q-ti,21105,RO,N,,8,,Health,N,N,N,U,RO321,Y,,N,3.0,3.0,N,33140000,45,33140000,Y,91,,N,5570447.8,5570447.8,5570447.8,N,N,N,36.0,,,OPE,,,,,L,,,,N,02/09/20,,RO,,N,False,0.07517128293416542
2020364670,ted.europa.eu/udl?uri+AD0-TED:NOTICE:364670+AC0-2020:TEXT:EN:HTML,2020,2,30/07/20,R209.S3,0,1,2022664901,0,N,Institutul de Boli Infec+//3//Q-ioase +//3//f/9-Prof. Dr. Matei Bal+//3//f/9//3//Q-,9524980.0,Str. Dr. Calistrat Grozovici nr. 1,Bucure+//3//Q-ti,21105,RO,N,,8,,Health,N,N,N,U,RO321,Y,,N,3.0,3.0,N,33140000,45,33140000,Y,91,,N,5570447.8,5570447.8,5570447.8,N,N,N,36.0,,,OPE,,,,,L,,,,N,02/09/20,,RO,,N,False,0.1015657128753828
2020364670,ted.europa.eu/udl?uri+AD0-TED:NOTICE:364670+AC0-2020:TEXT:EN:HTML,2020,2,30/07/20,R209.S3,0,1,2021453715,0,N,Institutul de Boli Infec+//3//Q-ioase +//3//f/9-Prof. Dr. Matei Bal+//3//f/9//3//Q-,9524980.0,Str. Dr. Calistrat Grozovici nr. 1,Bucure+//3//Q-ti,21105,RO,N,,8,,Health,N,N,N,U,RO321,Y,,N,3.0,3.0,N,33140000,45,33140000,Y,91,,N,5570447.8,5570447.8,5570447.8,N,N,N,36.0,,,OPE,,,,,L,,,,N,02/09/20,,RO,,N,False,0.10470978305794243
2020364670,ted.europa.eu/udl?uri+AD0-TED:NOTICE:364670+AC0-2020:TEXT:EN:HTML,2020,2,30/07/20,R209.S3,0,1,2021141148,0,N,Institutul de Boli Infec+//3//Q-ioase +//3//f/9-Prof. Dr. Matei Bal+//3//f/9//3//Q-,9524980.0,Str. Dr. Calistrat Grozovici nr. 1,Bucure+//3//Q-ti,21105,RO,N,,8,,Health,N,N,N,U,RO321,Y,,N,3.0,3.0,N,33140000,45,33140000,Y,91,,N,5570447.8,5570447.8,5570447.8,N,N,N,36.0,,,OPE,,,,,L,,,,N,02/09/20,,RO,,N,False,0.10256966726723127
2020364670,ted.europa.eu/udl?uri+AD0-TED:NOTICE:364670+AC0-2020:TEXT:EN:HTML,2020,2,30/07/20,R209.S3,0,1,2022398587,0,N,Institutul de Boli Infec+//3//Q-ioase +//3//f/9-Prof. Dr. Matei Bal+//3//f/9//3//Q-,9524980.0,Str. Dr. Calistrat Grozovici nr. 1,Bucure+//3//Q-ti,21105,RO,N,,8,,Health,N,N,N,U,RO321,Y,,N,3.0,3.0,N,33140000,45,33140000,Y,91,,N,5570447.8,5570447.8,5570447.8,N,N,N,36.0,,,OPE,,,,,L,,,,N,02/09/20,,RO,,N,False,0.1025024662140333
2020364670,ted.europa.eu/udl?uri+AD0-TED:NOTICE:364670+AC0-2020:TEXT:EN:HTML,2020,2,30/07/20,R209.S3,0,1,2021516264,0,N,Institutul de Boli Infec+//3//Q-ioase +//3//f/9-Prof. Dr. Matei Bal+//3//f/9//3//Q-,9524980.0,Str. Dr. Calistrat Grozovici nr. 1,Bucure+//3//Q-ti,21105,RO,N,,8,,Health,N,N,N,U,RO321,Y,,N,3.0,3.0,N,33140000,45,33140000,Y,91,,N,5570447.8,5570447.8,5570447.8,N,N,N,36.0,,,OPE,,,,,L,,,,N,02/09/20,,RO,,N,False,0.10470978305794243
2020364670,ted.europa.eu/udl?uri+AD0-TED:NOTICE:364670+AC0-2020:TEXT:EN:HTML,2020,2,30/07/20,R209.S3,0,1,202192262,0,N,Institutul de Boli Infec+//3//Q-ioase +//3//f/9-Prof. Dr. Matei Bal+//3//f/9//3//Q-,9524980.0,Str. Dr. Calistrat Grozovici nr. 1,Bucure+//3//Q-ti,21105,RO,N,,8,,Health,N,N,N,U,RO321,Y,,N,3.0,3.0,N,33140000,45,33140000,Y,91,,N,5570447.8,5570447.8,5570447.8,N,N,N,36.0,,,OPE,,,,,L,,,,N,02/09/20,,RO,,N,False,0.0766935272525826
2020364670,ted.europa.eu/udl?uri+AD0-TED:NOTICE:364670+AC0-2020:TEXT:EN:HTML,2020,2,30/07/20,R209.S3,0,1,202240525,0,N,Institutul de Boli Infec+//3//Q-ioase +//3//f/9-Prof. Dr. Matei Bal+//3//f/9//3//Q-,9524980.0,Str. Dr. Calistrat Grozovici nr. 1,Bucure+//3//Q-ti,21105,RO,N,,8,,Health,N,N,N,U,RO321,Y,,N,3.0,3.0,N,33140000,45,33140000,Y,91,,N,5570447.8,5570447.8,5570447.8,N,N,N,36.0,,,OPE,,,,,L,,,,N,02/09/20,,RO,,N,False,0.07624345714192421
2020364670,ted.europa.eu/udl?uri+AD0-TED:NOTICE:364670+AC0-2020:TEXT:EN:HTML,2020,2,30/07/20,R209.S3,0,1,2021463488,0,N,Institutul de Boli Infec+//3//Q-ioase +//3//f/9-Prof. Dr. Matei Bal+//3//f/9//3//Q-,9524980.0,Str. Dr. Calistrat Grozovici nr. 1,Bucure+//3//Q-ti,21105,RO,N,,8,,Health,N,N,N,U,RO321,Y,,N,3.0,3.0,N,33140000,45,33140000,Y,91,,N,5570447.8,5570447.8,5570447.8,N,N,N,36.0,,,OPE,,,,,L,,,,N,02/09/20,,RO,,N,False,0.10470978305794243
2020364670,ted.europa.eu/udl?uri+AD0-TED:NOTICE:364670+AC0-2020:TEXT:EN:HTML,2020,2,30/07/20,R209.S3,0,1,2022343835,0,N,Institutul de Boli Infec+//3//Q-ioase +//3//f/9-Prof. Dr. Matei Bal+//3//f/9//3//Q-,9524980.0,Str. Dr. Calistrat Grozovici nr. 1,Bucure+//3//Q-ti,21105,RO,N,,8,,Health,N,N,N,U,RO321,Y,,N,3.0,3.0,N,33140000,45,33140000,Y,91,,N,5570447.8,5570447.8,5570447.8,N,N,N,36.0,,,OPE,,,,,L,,,,N,02/09/20,,RO,,N,False,0.1021182277561909
2020364670,ted.europa.eu/udl?uri+AD0-TED:NOTICE:364670+AC0-2020:TEXT:EN:HTML,2020,2,30/07/20,R209.S3,0,1,2021128154,0,N,Institutul de Boli Infec+//3//Q-ioase +//3//f/9-Prof. Dr. Matei Bal+//3//f/9//3//Q-,9524980.0,Str. Dr. Calistrat Grozovici nr. 1,Bucure+//3//Q-ti,21105,RO,N,,8,,Health,N,N,N,U,RO321,Y,,N,3.0,3.0,N,33140000,45,33140000,Y,91,,N,5570447.8,5570447.8,5570447.8,N,N,N,36.0,,,OPE,,,,,L,,,,N,02/09/20,,RO,,N,False,0.10256966726723127
2020364670,ted.europa.eu/udl?uri+AD0-TED:NOTICE:364670+AC0-2020:TEXT:EN:HTML,2020,2,30/07/20,R209.S3,0,1,2021261212,0,N,Institutul de Boli Infec+//3//Q-ioase +//3//f/9-Prof. Dr. Matei Bal+//3//f/9//3//Q-,9524980.0,Str. Dr. Calistrat Grozovici nr. 1,Bucure+//3//Q-ti,21105,RO,N,,8,,Health,N,N,N,U,RO321,Y,,N,3.0,3.0,N,33140000,45,33140000,Y,91,,N,5570447.8,5570447.8,5570447.8,N,N,N,36.0,,,OPE,,,,,L,,,,N,02/09/20,,RO,,N,False,0.10338043388390467
2020364670,ted.europa.eu/udl?uri+AD0-TED:NOTICE:364670+AC0-2020:TEXT:EN:HTML,2020,2,30/07/20,R209.S3,0,1,2021594794,0,N,Institutul de Boli Infec+//3//Q-ioase +//3//f/9-Prof. Dr. Matei Bal+//3//f/9//3//Q-,9524980.0,Str. Dr. Calistrat Grozovici nr. 1,Bucure+//3//Q-ti,21105,RO,N,,8,,Health,N,N,N,U,RO321,Y,,N,3.0,3.0,N,33140000,45,33140000,Y,91,,N,5570447.8,5570447.8,5570447.8,N,N,N,36.0,,,OPE,,,,,L,,,,N,02/09/20,,RO,,N,False,0.10417081906123221
2020364670,ted.europa.eu/udl?uri+AD0-TED:NOTICE:364670+AC0-2020:TEXT:EN:HTML,2020,2,30/07/20,R209.S3,0,1,2021558800,0,N,Institutul de Boli Infec+//3//Q-ioase +//3//f/9-Prof. Dr. Matei Bal+//3//f/9//3//Q-,9524980.0,Str. Dr. Calistrat Grozovici nr. 1,Bucure+//3//Q-ti,21105,RO,N,,8,,Health,N,N,N,U,RO321,Y,,N,3.0,3.0,N,33140000,45,33140000,Y,91,,N,5570447.8,5570447.8,5570447.8,N,N,N,36.0,,,OPE,,,,,L,,,,N,02/09/20,,RO,,N,False,0.10490391927138387
2020364670,ted.europa.eu/udl?uri+AD0-TED:NOTICE:364670+AC0-2020:TEXT:EN:HTML,2020,2,30/07/20,R209.S3,0,1,202185489,0,N,Institutul de Boli Infec+//3//Q-ioase +//3//f/9-Prof. Dr. Matei Bal+//3//f/9//3//Q-,9524980.0,Str. Dr. Calistrat Grozovici nr. 1,Bucure+//3//Q-ti,21105,RO,N,,8,,Health,N,N,N,U,RO321,Y,,N,3.0,3.0,N,33140000,45,33140000,Y,91,,N,5570447.8,5570447.8,5570447.8,N,N,N,36.0,,,OPE,,,,,L,,,,N,02/09/20,,RO,,N,False,0.0766935272525826
2020364670,ted.europa.eu/udl?uri+AD0-TED:NOTICE:364670+AC0-2020:TEXT:EN:HTML,2020,2,30/07/20,R209.S3,0,1,2021284511,0,N,Institutul de Boli Infec+//3//Q-ioase +//3//f/9-Prof. Dr. Matei Bal+//3//f/9//3//Q-,9524980.0,Str. Dr. Calistrat Grozovici nr. 1,Bucure+//3//Q-ti,21105,RO,N,,8,,Health,N,N,N,U,RO321,Y,,N,3.0,3.0,N,33140000,45,33140000,Y,91,,N,5570447.8,5570447.8,5570447.8,N,N,N,36.0,,,OPE,,,,,L,,,,N,02/09/20,,RO,,N,False,0.10338043388390467
2020364670,ted.europa.eu/udl?uri+AD0-TED:NOTICE:364670+AC0-2020:TEXT:EN:HTML,2020,2,30/07/20,R209.S3,0,1,2022464439,0,N,Institutul de Boli Infec+//3//Q-ioase +//3//f/9-Prof. Dr. Matei Bal+//3//f/9//3//Q-,9524980.0,Str. Dr. Calistrat Grozovici nr. 1,Bucure+//3//Q-ti,21105,RO,N,,8,,Health,N,N,N,U,RO321,Y,,N,3.0,3.0,N,33140000,45,33140000,Y,91,,N,5570447.8,5570447.8,5570447.8,N,N,N,36.0,,,OPE,,,,,L,,,,N,02/09/20,,RO,,N,False,0.10309202679742224
2020364670,ted.europa.eu/udl?uri+AD0-TED:NOTICE:364670+AC0-2020:TEXT:EN:HTML,2020,2,30/07/20,R209.S3,0,1,2022146535,0,N,Institutul de Boli Infec+//3//Q-ioase +//3//f/9-Prof. Dr. Matei Bal+//3//f/9//3//Q-,9524980.0,Str. Dr. Calistrat Grozovici nr. 1,Bucure+//3//Q-ti,21105,RO,N,,8,,Health,N,N,N,U,RO321,Y,,N,3.0,3.0,N,33140000,45,33140000,Y,91,,N,5570447.8,5570447.8,5570447.8,N,N,N,36.0,,,OPE,,,,,L,,,,N,02/09/20,,RO,,N,False,0.1022191479939748
2020364670,ted.europa.eu/udl?uri+AD0-TED:NOTICE:364670+AC0-2020:TEXT:EN:HTML,2020,2,30/07/20,R209.S3,0,1,2023717786,0,N,Institutul de Boli Infec+//3//Q-ioase +//3//f/9-Prof. Dr. Matei Bal+//3//f/9//3//Q-,9524980.0,Str. Dr. Calistrat Grozovici nr. 1,Bucure+//3//Q-ti,21105,RO,N,,8,,Health,N,N,N,U,RO321,Y,,N,3.0,3.0,N,33140000,45,33140000,Y,91,,N,5570447.8,5570447.8,5570447.8,N,N,N,36.0,,,OPE,,,,,L,,,,N,02/09/20,,RO,,N,False,0.09412758902893731
2020364670,ted.europa.eu/udl?uri+AD0-TED:NOTICE:364670+AC0-2020:TEXT:EN:HTML,2020,2,30/07/20,R209.S3,0,1,2022155959,0,N,Institutul de Boli Infec+//3//Q-ioase +//3//f/9-Prof. Dr. Matei Bal+//3//f/9//3//Q-,9524980.0,Str. Dr. Calistrat Grozovici nr. 1,Bucure+//3//Q-ti,21105,RO,N,,8,,Health,N,N,N,U,RO321,Y,,N,3.0,3.0,N,33140000,45,33140000,Y,91,,N,5570447.8,5570447.8,5570447.8,N,N,N,36.0,,,OPE,,,,,L,,,,N,02/09/20,,RO,,N,False,0.1022191479939748
2020364670,ted.europa.eu/udl?uri+AD0-TED:NOTICE:364670+AC0-2020:TEXT:EN:HTML,2020,2,30/07/20,R209.S3,0,1,2022273929,0,N,Institutul de Boli Infec+//3//Q-ioase +//3//f/9-Prof. Dr. Matei Bal+//3//f/9//3//Q-,9524980.0,Str. Dr. Calistrat Grozovici nr. 1,Bucure+//3//Q-ti,21105,RO,N,,8,,Health,N,N,N,U,RO321,Y,,N,3.0,3.0,N,33140000,45,33140000,Y,91,,N,5570447.8,5570447.8,5570447.8,N,N,N,36.0,,,OPE,,,,,L,,,,N,02/09/20,,RO,,N,False,0.10241088983275726
2020364670,ted.europa.eu/udl?uri+AD0-TED:NOTICE:364670+AC0-2020:TEXT:EN:HTML,2020,2,30/07/20,R209.S3,0,1,2021544190,0,N,Institutul de Boli Infec+//3//Q-ioase +//3//f/9-Prof. Dr. Matei Bal+//3//f/9//3//Q-,9524980.0,Str. Dr. Calistrat Grozovici nr. 1,Bucure+//3//Q-ti,21105,RO,N,,8,,Health,N,N,N,U,RO321,Y,,N,3.0,3.0,N,33140000,45,33140000,Y,91,,N,5570447.8,5570447.8,5570447.8,N,N,N,36.0,,,OPE,,,,,L,,,,N,02/09/20,,RO,,N,False,0.10470978305794243
2020364670,ted.europa.eu/udl?uri+AD0-TED:NOTICE:364670+AC0-2020:TEXT:EN:HTML,2020,2,30/07/20,R209.S3,0,1,2021624081,0,N,Institutul de Boli Infec+//3//Q-ioase +//3//f/9-Prof. Dr. Matei Bal+//3//f/9//3//Q-,9524980.0,Str. Dr. Calistrat Grozovici nr. 1,Bucure+//3//Q-ti,21105,RO,N,,8,,Health,N,N,N,U,RO321,Y,,N,3.0,3.0,N,33140000,45,33140000,Y,91,,N,5570447.8,5570447.8,5570447.8,N,N,N,36.0,,,OPE,,,,,L,,,,N,02/09/20,,RO,,N,False,0.10417081906123221
2020364670,ted.europa.eu/udl?uri+AD0-TED:NOTICE:364670+AC0-2020:TEXT:EN:HTML,2020,2,30/07/20,R209.S3,0,1,2021443359,0,N,Institutul de Boli Infec+//3//Q-ioase +//3//f/9-Prof. Dr. Matei Bal+//3//f/9//3//Q-,9524980.0,Str. Dr. Calistrat Grozovici nr. 1,Bucure+//3//Q-ti,21105,RO,N,,8,,Health,N,N,N,U,RO321,Y,,N,3.0,3.0,N,33140000,45,33140000,Y,91,,N,5570447.8,5570447.8,5570447.8,N,N,N,36.0,,,OPE,,,,,L,,,,N,02/09/20,,RO,,N,False,0.10479538780689585
2020364670,ted.europa.eu/udl?uri+AD0-TED:NOTICE:364670+AC0-2020:TEXT:EN:HTML,2020,2,30/07/20,R209.S3,0,1,2021577863,0,N,Institutul de Boli Infec+//3//Q-ioase +//3//f/9-Prof. Dr. Matei Bal+//3//f/9//3//Q-,9524980.0,Str. Dr. Calistrat Grozovici nr. 1,Bucure+//3//Q-ti,21105,RO,N,,8,,Health,N,N,N,U,RO321,Y,,N,3.0,3.0,N,33140000,45,33140000,Y,91,,N,5570447.8,5570447.8,5570447.8,N,N,N,36.0,,,OPE,,,,,L,,,,N,02/09/20,,RO,,N,False,0.10417081906123221
2020364670,ted.europa.eu/udl?uri+AD0-TED:NOTICE:364670+AC0-2020:TEXT:EN:HTML,2020,2,30/07/20,R209.S3,0,1,2021631100,0,N,Institutul de Boli Infec+//3//Q-ioase +//3//f/9-Prof. Dr. Matei Bal+//3//f/9//3//Q-,9524980.0,Str. Dr. Calistrat Grozovici nr. 1,Bucure+//3//Q-ti,21105,RO,N,,8,,Health,N,N,N,U,RO321,Y,,N,3.0,3.0,N,33140000,45,33140000,Y,91,,N,5570447.8,5570447.8,5570447.8,N,N,N,36.0,,,OPE,,,,,L,,,,N,02/09/20,,RO,,N,False,0.10417081906123221
2020364670,ted.europa.eu/udl?uri+AD0-TED:NOTICE:364670+AC0-2020:TEXT:EN:HTML,2020,2,30/07/20,R209.S3,0,1,2022500844,0,N,Institutul de Boli Infec+//3//Q-ioase +//3//f/9-Prof. Dr. Matei Bal+//3//f/9//3//Q-,9524980.0,Str. Dr. Calistrat Grozovici nr. 1,Bucure+//3//Q-ti,21105,RO,N,,8,,Health,N,N,N,U,RO321,Y,,N,3.0,3.0,N,33140000,45,33140000,Y,91,,N,5570447.8,5570447.8,5570447.8,N,N,N,36.0,,,OPE,,,,,L,,,,N,02/09/20,,RO,,N,False,0.10309202679742224
2020364670,ted.europa.eu/udl?uri+AD0-TED:NOTICE:364670+AC0-2020:TEXT:EN:HTML,2020,2,30/07/20,R209.S3,0,1,2021208352,0,N,Institutul de Boli Infec+//3//Q-ioase +//3//f/9-Prof. Dr. Matei Bal+//3//f/9//3//Q-,9524980.0,Str. Dr. Calistrat Grozovici nr. 1,Bucure+//3//Q-ti,21105,RO,N,,8,,Health,N,N,N,U,RO321,Y,,N,3.0,3.0,N,33140000,45,33140000,Y,91,,N,5570447.8,5570447.8,5570447.8,N,N,N,36.0,,,OPE,,,,,L,,,,N,02/09/20,,RO,,N,False,0.1036316046823208
2020364670,ted.europa.eu/udl?uri+AD0-TED:NOTICE:364670+AC0-2020:TEXT:EN:HTML,2020,2,30/07/20,R209.S3,0,1,202168902,0,N,Institutul de Boli Infec+//3//Q-ioase +//3//f/9-Prof. Dr. Matei Bal+//3//f/9//3//Q-,9524980.0,Str. Dr. Calistrat Grozovici nr. 1,Bucure+//3//Q-ti,21105,RO,N,,8,,Health,N,N,N,U,RO321,Y,,N,3.0,3.0,N,33140000,45,33140000,Y,91,,N,5570447.8,5570447.8,5570447.8,N,N,N,36.0,,,OPE,,,,,L,,,,N,02/09/20,,RO,,N,False,0.07609361843560475
2020364670,ted.europa.eu/udl?uri+AD0-TED:NOTICE:364670+AC0-2020:TEXT:EN:HTML,2020,2,30/07/20,R209.S3,0,1,2022368689,0,N,Institutul de Boli Infec+//3//Q-ioase +//3//f/9-Prof. Dr. Matei Bal+//3//f/9//3//Q-,9524980.0,Str. Dr. Calistrat Grozovici nr. 1,Bucure+//3//Q-ti,21105,RO,N,,8,,Health,N,N,N,U,RO321,Y,,N,3.0,3.0,N,33140000,45,33140000,Y,91,,N,5570447.8,5570447.8,5570447.8,N,N,N,36.0,,,OPE,,,,,L,,,,N,02/09/20,,RO,,N,False,0.1021182277561909
2020364670,ted.europa.eu/udl?uri+AD0-TED:NOTICE:364670+AC0-2020:TEXT:EN:HTML,2020,2,30/07/20,R209.S3,0,1,202295397,0,N,Institutul de Boli Infec+//3//Q-ioase +//3//f/9-Prof. Dr. Matei Bal+//3//f/9//3//Q-,9524980.0,Str. Dr. Calistrat Grozovici nr. 1,Bucure+//3//Q-ti,21105,RO,N,,8,,Health,N,N,N,U,RO321,Y,,N,3.0,3.0,N,33140000,45,33140000,Y,91,,N,5570447.8,5570447.8,5570447.8,N,N,N,36.0,,,OPE,,,,,L,,,,N,02/09/20,,RO,,N,False,0.07469213243593636
2020364670,ted.europa.eu/udl?uri+AD0-TED:NOTICE:364670+AC0-2020:TEXT:EN:HTML,2020,2,30/07/20,R209.S3,0,1,2022627418,0,N,Institutul de Boli Infec+//3//Q-ioase +//3//f/9-Prof. Dr. Matei Bal+//3//f/9//3//Q-,9524980.0,Str. Dr. Calistrat Grozovici nr. 1,Bucure+//3//Q-ti,21105,RO,N,,8,,Health,N,N,N,U,RO321,Y,,N,3.0,3.0,N,33140000,45,33140000,Y,91,,N,5570447.8,5570447.8,5570447.8,N,N,N,36.0,,,OPE,,,,,L,,,,N,02/09/20,,RO,,N,False,0.1015657128753828
2020364670,ted.europa.eu/udl?uri+AD0-TED:NOTICE:364670+AC0-2020:TEXT:EN:HTML,2020,2,30/07/20,R209.S3,0,1,2023239911,0,N,Institutul de Boli Infec+//3//Q-ioase +//3//f/9-Prof. Dr. Matei Bal+//3//f/9//3//Q-,9524980.0,Str. Dr. Calistrat Grozovici nr. 1,Bucure+//3//Q-ti,21105,RO,N,,8,,Health,N,N,N,U,RO321,Y,,N,3.0,3.0,N,33140000,45,33140000,Y,91,,N,5570447.8,5570447.8,5570447.8,N,N,N,36.0,,,OPE,,,,,L,,,,N,02/09/20,,RO,,N,False,0.10029811745053452
2020364670,ted.europa.eu/udl?uri+AD0-TED:NOTICE:364670+AC0-2020:TEXT:EN:HTML,2020,2,30/07/20,R209.S3,0,1,202271252,0,N,Institutul de Boli Infec+//3//Q-ioase +//3//f/9-Prof. Dr. Matei Bal+//3//f/9//3//Q-,9524980.0,Str. Dr. Calistrat Grozovici nr. 1,Bucure+//3//Q-ti,21105,RO,N,,8,,Health,N,N,N,U,RO321,Y,,N,3.0,3.0,N,33140000,45,33140000,Y,91,,N,5570447.8,5570447.8,5570447.8,N,N,N,36.0,,,OPE,,,,,L,,,,N,02/09/20,,RO,,N,False,0.07592356793084787
2020364670,ted.europa.eu/udl?uri+AD0-TED:NOTICE:364670+AC0-2020:TEXT:EN:HTML,2020,2,30/07/20,R209.S3,0,1,2021107321,0,N,Institutul de Boli Infec+//3//Q-ioase +//3//f/9-Prof. Dr. Matei Bal+//3//f/9//3//Q-,9524980.0,Str. Dr. Calistrat Grozovici nr. 1,Bucure+//3//Q-ti,21105,RO,N,,8,,Health,N,N,N,U,RO321,Y,,N,3.0,3.0,N,33140000,45,33140000,Y,91,,N,5570447.8,5570447.8,5570447.8,N,N,N,36.0,,,OPE,,,,,L,,,,N,02/09/20,,RO,,N,False,0.10215284336393005
2020364670,ted.europa.eu/udl?uri+AD0-TED:NOTICE:364670+AC0-2020:TEXT:EN:HTML,2020,2,30/07/20,R209.S3,0,1,2022468801,0,N,Institutul de Boli Infec+//3//Q-ioase +//3//f/9-Prof. Dr. Matei Bal+//3//f/9//3//Q-,9524980.0,Str. Dr. Calistrat Grozovici nr. 1,Bucure+//3//Q-ti,21105,RO,N,,8,,Health,N,N,N,U,RO321,Y,,N,3.0,3.0,N,33140000,45,33140000,Y,91,,N,5570447.8,5570447.8,5570447.8,N,N,N,36.0,,,OPE,,,,,L,,,,N,02/09/20,,RO,,N,False,0.10309202679742224
2020364670,ted.europa.eu/udl?uri+AD0-TED:NOTICE:364670+AC0-2020:TEXT:EN:HTML,2020,2,30/07/20,R209.S3,0,1,202385899,0,N,Institutul de Boli Infec+//3//Q-ioase +//3//f/9-Prof. Dr. Matei Bal+//3//f/9//3//Q-,9524980.0,Str. Dr. Calistrat Grozovici nr. 1,Bucure+//3//Q-ti,21105,RO,N,,8,,Health,N,N,N,U,RO321,Y,,N,3.0,3.0,N,33140000,45,33140000,Y,91,,N,5570447.8,5570447.8,5570447.8,N,N,N,36.0,,,OPE,,,,,L,,,,N,02/09/20,,RO,,N,False,0.07140981349037873
2020364670,ted.europa.eu/udl?uri+AD0-TED:NOTICE:364670+AC0-2020:TEXT:EN:HTML,2020,2,30/07/20,R209.S3,0,1,2021242006,0,N,Institutul de Boli Infec+//3//Q-ioase +//3//f/9-Prof. Dr. Matei Bal+//3//f/9//3//Q-,9524980.0,Str. Dr. Calistrat Grozovici nr. 1,Bucure+//3//Q-ti,21105,RO,N,,8,,Health,N,N,N,U,RO321,Y,,N,3.0,3.0,N,33140000,45,33140000,Y,91,,N,5570447.8,5570447.8,5570447.8,N,N,N,36.0,,,OPE,,,,,L,,,,N,02/09/20,,RO,,N,False,0.10338043388390467
2020364670,ted.europa.eu/udl?uri+AD0-TED:NOTICE:364670+AC0-2020:TEXT:EN:HTML,2020,2,30/07/20,R209.S3,0,1,2021420134,0,N,Institutul de Boli Infec+//3//Q-ioase +//3//f/9-Prof. Dr. Matei Bal+//3//f/9//3//Q-,9524980.0,Str. Dr. Calistrat Grozovici nr. 1,Bucure+//3//Q-ti,21105,RO,N,,8,,Health,N,N,N,U,RO321,Y,,N,3.0,3.0,N,33140000,45,33140000,Y,91,,N,5570447.8,5570447.8,5570447.8,N,N,N,36.0,,,OPE,,,,,L,,,,N,02/09/20,,RO,,N,False,0.10479538780689585
2020364670,ted.europa.eu/udl?uri+AD0-TED:NOTICE:364670+AC0-2020:TEXT:EN:HTML,2020,2,30/07/20,R209.S3,0,1,2023176551,0,N,Institutul de Boli Infec+//3//Q-ioase +//3//f/9-Prof. Dr. Matei Bal+//3//f/9//3//Q-,9524980.0,Str. Dr. Calistrat Grozovici nr. 1,Bucure+//3//Q-ti,21105,RO,N,,8,,Health,N,N,N,U,RO321,Y,,N,3.0,3.0,N,33140000,45,33140000,Y,91,,N,5570447.8,5570447.8,5570447.8,N,N,N,36.0,,,OPE,,,,,L,,,,N,02/09/20,,RO,,N,False,0.09937670450260122
2020364670,ted.europa.eu/udl?uri+AD0-TED:NOTICE:364670+AC0-2020:TEXT:EN:HTML,2020,2,30/07/20,R209.S3,0,1,2023625683,0,N,Institutul de Boli Infec+//3//Q-ioase +//3//f/9-Prof. Dr. Matei Bal+//3//f/9//3//Q-,9524980.0,Str. Dr. Calistrat Grozovici nr. 1,Bucure+//3//Q-ti,21105,RO,N,,8,,Health,N,N,N,U,RO321,Y,,N,3.0,3.0,N,33140000,45,33140000,Y,91,,N,5570447.8,5570447.8,5570447.8,N,N,N,36.0,,,OPE,,,,,L,,,,N,02/09/20,,RO,,N,False,0.09727232422927318
2020364670,ted.europa.eu/udl?uri+AD0-TED:NOTICE:364670+AC0-2020:TEXT:EN:HTML,2020,2,30/07/20,R209.S3,0,1,2023268597,0,N,Institutul de Boli Infec+//3//Q-ioase +//3//f/9-Prof. Dr. Matei Bal+//3//f/9//3//Q-,9524980.0,Str. Dr. Calistrat Grozovici nr. 1,Bucure+//3//Q-ti,21105,RO,N,,8,,Health,N,N,N,U,RO321,Y,,N,3.0,3.0,N,33140000,45,33140000,Y,91,,N,5570447.8,5570447.8,5570447.8,N,N,N,36.0,,,OPE,,,,,L,,,,N,02/09/20,,RO,,N,False,0.10029811745053452
2020364670,ted.europa.eu/udl?uri+AD0-TED:NOTICE:364670+AC0-2020:TEXT:EN:HTML,2020,2,30/07/20,R209.S3,0,1,2020595080,0,N,Institutul de Boli Infec+//3//Q-ioase +//3//f/9-Prof. Dr. Matei Bal+//3//f/9//3//Q-,9524980.0,Str. Dr. Calistrat Grozovici nr. 1,Bucure+//3//Q-ti,21105,RO,N,,8,,Health,N,N,N,U,RO321,Y,,N,3.0,3.0,N,33140000,45,33140000,Y,91,,N,5570447.8,5570447.8,5570447.8,N,N,N,36.0,,,OPE,,,,,L,,,,N,02/09/20,,RO,,N,False,0.09894151803673656
2020364670,ted.europa.eu/udl?uri+AD0-TED:NOTICE:364670+AC0-2020:TEXT:EN:HTML,2020,2,30/07/20,R209.S3,0,1,2023324976,0,N,Institutul de Boli Infec+//3//Q-ioase +//3//f/9-Prof. Dr. Matei Bal+//3//f/9//3//Q-,9524980.0,Str. Dr. Calistrat Grozovici nr. 1,Bucure+//3//Q-ti,21105,RO,N,,8,,Health,N,N,N,U,RO321,Y,,N,3.0,3.0,N,33140000,45,33140000,Y,91,,N,5570447.8,5570447.8,5570447.8,N,N,N,36.0,,,OPE,,,,,L,,,,N,02/09/20,,RO,,N,False,0.1000245257369351
2020364670,ted.europa.eu/udl?uri+AD0-TED:NOTICE:364670+AC0-2020:TEXT:EN:HTML,2020,2,30/07/20,R209.S3,0,1,2022449975,0,N,Institutul de Boli Infec+//3//Q-ioase +//3//f/9-Prof. Dr. Matei Bal+//3//f/9//3//Q-,9524980.0,Str. Dr. Calistrat Grozovici nr. 1,Bucure+//3//Q-ti,21105,RO,N,,8,,Health,N,N,N,U,RO321,Y,,N,3.0,3.0,N,33140000,45,33140000,Y,91,,N,5570447.8,5570447.8,5570447.8,N,N,N,36.0,,,OPE,,,,,L,,,,N,02/09/20,,RO,,N,False,0.10292909293976288
2020364670,ted.europa.eu/udl?uri+AD0-TED:NOTICE:364670+AC0-2020:TEXT:EN:HTML,2020,2,30/07/20,R209.S3,0,1,2021273696,0,N,Institutul de Boli Infec+//3//Q-ioase +//3//f/9-Prof. Dr. Matei Bal+//3//f/9//3//Q-,9524980.0,Str. Dr. Calistrat Grozovici nr. 1,Bucure+//3//Q-ti,21105,RO,N,,8,,Health,N,N,N,U,RO321,Y,,N,3.0,3.0,N,33140000,45,33140000,Y,91,,N,5570447.8,5570447.8,5570447.8,N,N,N,36.0,,,OPE,,,,,L,,,,N,02/09/20,,RO,,N,False,0.10338043388390467
2020364670,ted.europa.eu/udl?uri+AD0-TED:NOTICE:364670+AC0-2020:TEXT:EN:HTML,2020,2,30/07/20,R209.S3,0,1,2022523575,0,N,Institutul de Boli Infec+//3//Q-ioase +//3//f/9-Prof. Dr. Matei Bal+//3//f/9//3//Q-,9524980.0,Str. Dr. Calistrat Grozovici nr. 1,Bucure+//3//Q-ti,21105,RO,N,,8,,Health,N,N,N,U,RO321,Y,,N,3.0,3.0,N,33140000,45,33140000,Y,91,,N,5570447.8,5570447.8,5570447.8,N,N,N,36.0,,,OPE,,,,,L,,,,N,02/09/20,,RO,,N,False,0.10220767439446304
2020364670,ted.europa.eu/udl?uri+AD0-TED:NOTICE:364670+AC0-2020:TEXT:EN:HTML,2020,2,30/07/20,R209.S3,0,1,2021173121,0,N,Institutul de Boli Infec+//3//Q-ioase +//3//f/9-Prof. Dr. Matei Bal+//3//f/9//3//Q-,9524980.0,Str. Dr. Calistrat Grozovici nr. 1,Bucure+//3//Q-ti,21105,RO,N,,8,,Health,N,N,N,U,RO321,Y,,N,3.0,3.0,N,33140000,45,33140000,Y,91,,N,5570447.8,5570447.8,5570447.8,N,N,N,36.0,,,OPE,,,,,L,,,,N,02/09/20,,RO,,N,False,0.1036316046823208
2020364670,ted.europa.eu/udl?uri+AD0-TED:NOTICE:364670+AC0-2020:TEXT:EN:HTML,2020,2,30/07/20,R209.S3,0,1,2023476488,0,N,Institutul de Boli Infec+//3//Q-ioase +//3//f/9-Prof. Dr. Matei Bal+//3//f/9//3//Q-,9524980.0,Str. Dr. Calistrat Grozovici nr. 1,Bucure+//3//Q-ti,21105,RO,N,,8,,Health,N,N,N,U,RO321,Y,,N,3.0,3.0,N,33140000,45,33140000,Y,91,,N,5570447.8,5570447.8,5570447.8,N,N,N,36.0,,,OPE,,,,,L,,,,N,02/09/20,,RO,,N,False,0.09979775927677653
2020364670,ted.europa.eu/udl?uri+AD0-TED:NOTICE:364670+AC0-2020:TEXT:EN:HTML,2020,2,30/07/20,R209.S3,0,1,2021284511,0,N,Institutul de Boli Infec+//3//Q-ioase +//3//f/9-Prof. Dr. Matei Bal+//3//f/9//3//Q-,9524980.0,Str. Dr. Calistrat Grozovici nr. 1,Bucure+//3//Q-ti,21105,RO,N,,8,,Health,N,N,N,U,RO321,Y,,N,3.0,3.0,N,33140000,46,33140000,Y,91,,N,5570447.8,5570447.8,5570447.8,N,N,N,36.0,,,OPE,,,,,L,,,,N,02/09/20,,RO,,N,False,0.10495775979795435
2020364670,ted.europa.eu/udl?uri+AD0-TED:NOTICE:364670+AC0-2020:TEXT:EN:HTML,2020,2,30/07/20,R209.S3,0,1,2021332116,0,N,Institutul de Boli Infec+//3//Q-ioase +//3//f/9-Prof. Dr. Matei Bal+//3//f/9//3//Q-,9524980.0,Str. Dr. Calistrat Grozovici nr. 1,Bucure+//3//Q-ti,21105,RO,N,,8,,Health,N,N,N,U,RO321,Y,,N,3.0,3.0,N,33140000,46,33140000,Y,91,,N,5570447.8,5570447.8,5570447.8,N,N,N,36.0,,,OPE,,,,,L,,,,N,02/09/20,,RO,,N,False,0.10495775979795435
2020364670,ted.europa.eu/udl?uri+AD0-TED:NOTICE:364670+AC0-2020:TEXT:EN:HTML,2020,2,30/07/20,R209.S3,0,1,2021208352,0,N,Institutul de Boli Infec+//3//Q-ioase +//3//f/9-Prof. Dr. Matei Bal+//3//f/9//3//Q-,9524980.0,Str. Dr. Calistrat Grozovici nr. 1,Bucure+//3//Q-ti,21105,RO,N,,8,,Health,N,N,N,U,RO321,Y,,N,3.0,3.0,N,33140000,46,33140000,Y,91,,N,5570447.8,5570447.8,5570447.8,N,N,N,36.0,,,OPE,,,,,L,,,,N,02/09/20,,RO,,N,False,0.10444448880327767
2020364670,ted.europa.eu/udl?uri+AD0-TED:NOTICE:364670+AC0-2020:TEXT:EN:HTML,2020,2,30/07/20,R209.S3,0,1,2021502364,0,N,Institutul de Boli Infec+//3//Q-ioase +//3//f/9-Prof. Dr. Matei Bal+//3//f/9//3//Q-,9524980.0,Str. Dr. Calistrat Grozovici nr. 1,Bucure+//3//Q-ti,21105,RO,N,,8,,Health,N,N,N,U,RO321,Y,,N,3.0,3.0,N,33140000,46,33140000,Y,91,,N,5570447.8,5570447.8,5570447.8,N,N,N,36.0,,,OPE,,,,,L,,,,N,02/09/20,,RO,,N,False,0.10467099270870422
2020364670,ted.europa.eu/udl?uri+AD0-TED:NOTICE:364670+AC0-2020:TEXT:EN:HTML,2020,2,30/07/20,R209.S3,0,1,2021660830,0,N,Institutul de Boli Infec+//3//Q-ioase +//3//f/9-Prof. Dr. Matei Bal+//3//f/9//3//Q-,9524980.0,Str. Dr. Calistrat Grozovici nr. 1,Bucure+//3//Q-ti,21105,RO,N,,8,,Health,N,N,N,U,RO321,Y,,N,3.0,3.0,N,33140000,46,33140000,Y,91,,N,5570447.8,5570447.8,5570447.8,N,N,N,36.0,,,OPE,,,,,L,,,,N,02/09/20,,RO,,N,False,0.10527730823133036
2020364670,ted.europa.eu/udl?uri+AD0-TED:NOTICE:364670+AC0-2020:TEXT:EN:HTML,2020,2,30/07/20,R209.S3,0,1,2023268597,0,N,Institutul de Boli Infec+//3//Q-ioase +//3//f/9-Prof. Dr. Matei Bal+//3//f/9//3//Q-,9524980.0,Str. Dr. Calistrat Grozovici nr. 1,Bucure+//3//Q-ti,21105,RO,N,,8,,Health,N,N,N,U,RO321,Y,,N,3.0,3.0,N,33140000,46,33140000,Y,91,,N,5570447.8,5570447.8,5570447.8,N,N,N,36.0,,,OPE,,,,,L,,,,N,02/09/20,,RO,,N,False,0.09929956640987031
2020364670,ted.europa.eu/udl?uri+AD0-TED:NOTICE:364670+AC0-2020:TEXT:EN:HTML,2020,2,30/07/20,R209.S3,0,1,2022464439,0,N,Institutul de Boli Infec+//3//Q-ioase +//3//f/9-Prof. Dr. Matei Bal+//3//f/9//3//Q-,9524980.0,Str. Dr. Calistrat Grozovici nr. 1,Bucure+//3//Q-ti,21105,RO,N,,8,,Health,N,N,N,U,RO321,Y,,N,3.0,3.0,N,33140000,46,33140000,Y,91,,N,5570447.8,5570447.8,5570447.8,N,N,N,36.0,,,OPE,,,,,L,,,,N,02/09/20,,RO,,N,False,0.10559491363127971
2020364670,ted.europa.eu/udl?uri+AD0-TED:NOTICE:364670+AC0-2020:TEXT:EN:HTML,2020,2,30/07/20,R209.S3,0,1,2021443359,0,N,Institutul de Boli Infec+//3//Q-ioase +//3//f/9-Prof. Dr. Matei Bal+//3//f/9//3//Q-,9524980.0,Str. Dr. Calistrat Grozovici nr. 1,Bucure+//3//Q-ti,21105,RO,N,,8,,Health,N,N,N,U,RO321,Y,,N,3.0,3.0,N,33140000,46,33140000,Y,91,,N,5570447.8,5570447.8,5570447.8,N,N,N,36.0,,,OPE,,,,,L,,,,N,02/09/20,,RO,,N,False,0.10480295397999617
2020364670,ted.europa.eu/udl?uri+AD0-TED:NOTICE:364670+AC0-2020:TEXT:EN:HTML,2020,2,30/07/20,R209.S3,0,1,2021631100,0,N,Institutul de Boli Infec+//3//Q-ioase +//3//f/9-Prof. Dr. Matei Bal+//3//f/9//3//Q-,9524980.0,Str. Dr. Calistrat Grozovici nr. 1,Bucure+//3//Q-ti,21105,RO,N,,8,,Health,N,N,N,U,RO321,Y,,N,3.0,3.0,N,33140000,46,33140000,Y,91,,N,5570447.8,5570447.8,5570447.8,N,N,N,36.0,,,OPE,,,,,L,,,,N,02/09/20,,RO,,N,False,0.10527730823133036
2020364670,ted.europa.eu/udl?uri+AD0-TED:NOTICE:364670+AC0-2020:TEXT:EN:HTML,2020,2,30/07/20,R209.S3,0,1,2022368689,0,N,Institutul de Boli Infec+//3//Q-ioase +//3//f/9-Prof. Dr. Matei Bal+//3//f/9//3//Q-,9524980.0,Str. Dr. Calistrat Grozovici nr. 1,Bucure+//3//Q-ti,21105,RO,N,,8,,Health,N,N,N,U,RO321,Y,,N,3.0,3.0,N,33140000,46,33140000,Y,91,,N,5570447.8,5570447.8,5570447.8,N,N,N,36.0,,,OPE,,,,,L,,,,N,02/09/20,,RO,,N,False,0.10559491363127971
2020364670,ted.europa.eu/udl?uri+AD0-TED:NOTICE:364670+AC0-2020:TEXT:EN:HTML,2020,2,30/07/20,R209.S3,0,1,2022523575,0,N,Institutul de Boli Infec+//3//Q-ioase +//3//f/9-Prof. Dr. Matei Bal+//3//f/9//3//Q-,9524980.0,Str. Dr. Calistrat Grozovici nr. 1,Bucure+//3//Q-ti,21105,RO,N,,8,,Health,N,N,N,U,RO321,Y,,N,3.0,3.0,N,33140000,46,33140000,Y,91,,N,5570447.8,5570447.8,5570447.8,N,N,N,36.0,,,OPE,,,,,L,,,,N,02/09/20,,RO,,N,False,0.10559491363127971
2020364670,ted.europa.eu/udl?uri+AD0-TED:NOTICE:364670+AC0-2020:TEXT:EN:HTML,2020,2,30/07/20,R209.S3,0,1,2021156978,0,N,Institutul de Boli Infec+//3//Q-ioase +//3//f/9-Prof. Dr. Matei Bal+//3//f/9//3//Q-,9524980.0,Str. Dr. Calistrat Grozovici nr. 1,Bucure+//3//Q-ti,21105,RO,N,,8,,Health,N,N,N,U,RO321,Y,,N,3.0,3.0,N,33140000,46,33140000,Y,91,,N,5570447.8,5570447.8,5570447.8,N,N,N,36.0,,,OPE,,,,,L,,,,N,02/09/20,,RO,,N,False,0.10433813308927103
2020364670,ted.europa.eu/udl?uri+AD0-TED:NOTICE:364670+AC0-2020:TEXT:EN:HTML,2020,2,30/07/20,R209.S3,0,1,2023525196,0,N,Institutul de Boli Infec+//3//Q-ioase +//3//f/9-Prof. Dr. Matei Bal+//3//f/9//3//Q-,9524980.0,Str. Dr. Calistrat Grozovici nr. 1,Bucure+//3//Q-ti,21105,RO,N,,8,,Health,N,N,N,U,RO321,Y,,N,3.0,3.0,N,33140000,46,33140000,Y,91,,N,5570447.8,5570447.8,5570447.8,N,N,N,36.0,,,OPE,,,,,L,,,,N,02/09/20,,RO,,N,False,0.09647859636102624
2020364670,ted.europa.eu/udl?uri+AD0-TED:NOTICE:364670+AC0-2020:TEXT:EN:HTML,2020,2,30/07/20,R209.S3,0,1,2020611277,0,N,Institutul de Boli Infec+//3//Q-ioase +//3//f/9-Prof. Dr. Matei Bal+//3//f/9//3//Q-,9524980.0,Str. Dr. Calistrat Grozovici nr. 1,Bucure+//3//Q-ti,21105,RO,N,,8,,Health,N,N,N,U,RO321,Y,,N,3.0,3.0,N,33140000,46,33140000,Y,91,,N,5570447.8,5570447.8,5570447.8,N,N,N,36.0,,,OPE,,,,,L,,,,N,02/09/20,,RO,,N,False,0.09730377773390181
2020364670,ted.europa.eu/udl?uri+AD0-TED:NOTICE:364670+AC0-2020:TEXT:EN:HTML,2020,2,30/07/20,R209.S3,0,1,2023239911,0,N,Institutul de Boli Infec+//3//Q-ioase +//3//f/9-Prof. Dr. Matei Bal+//3//f/9//3//Q-,9524980.0,Str. Dr. Calistrat Grozovici nr. 1,Bucure+//3//Q-ti,21105,RO,N,,8,,Health,N,N,N,U,RO321,Y,,N,3.0,3.0,N,33140000,46,33140000,Y,91,,N,5570447.8,5570447.8,5570447.8,N,N,N,36.0,,,OPE,,,,,L,,,,N,02/09/20,,RO,,N,False,0.09929956640987031
2020364670,ted.europa.eu/udl?uri+AD0-TED:NOTICE:364670+AC0-2020:TEXT:EN:HTML,2020,2,30/07/20,R209.S3,0,1,2021516264,0,N,Institutul de Boli Infec+//3//Q-ioase +//3//f/9-Prof. Dr. Matei Bal+//3//f/9//3//Q-,9524980.0,Str. Dr. Calistrat Grozovici nr. 1,Bucure+//3//Q-ti,21105,RO,N,,8,,Health,N,N,N,U,RO321,Y,,N,3.0,3.0,N,33140000,46,33140000,Y,91,,N,5570447.8,5570447.8,5570447.8,N,N,N,36.0,,,OPE,,,,,L,,,,N,02/09/20,,RO,,N,False,0.10467099270870422
2020364670,ted.europa.eu/udl?uri+AD0-TED:NOTICE:364670+AC0-2020:TEXT:EN:HTML,2020,2,30/07/20,R209.S3,0,1,202325074,0,N,Institutul de Boli Infec+//3//Q-ioase +//3//f/9-Prof. Dr. Matei Bal+//3//f/9//3//Q-,9524980.0,Str. Dr. Calistrat Grozovici nr. 1,Bucure+//3//Q-ti,21105,RO,N,,8,,Health,N,N,N,U,RO321,Y,,N,3.0,3.0,N,33140000,46,33140000,Y,91,,N,5570447.8,5570447.8,5570447.8,N,N,N,36.0,,,OPE,,,,,L,,,,N,02/09/20,,RO,,N,False,0.07379627232030378
2020364670,ted.europa.eu/udl?uri+AD0-TED:NOTICE:364670+AC0-2020:TEXT:EN:HTML,2020,2,30/07/20,R209.S3,0,1,202271252,0,N,Institutul de Boli Infec+//3//Q-ioase +//3//f/9-Prof. Dr. Matei Bal+//3//f/9//3//Q-,9524980.0,Str. Dr. Calistrat Grozovici nr. 1,Bucure+//3//Q-ti,21105,RO,N,,8,,Health,N,N,N,U,RO321,Y,,N,3.0,3.0,N,33140000,46,33140000,Y,91,,N,5570447.8,5570447.8,5570447.8,N,N,N,36.0,,,OPE,,,,,L,,,,N,02/09/20,,RO,,N,False,0.07767551064874034
2020364670,ted.europa.eu/udl?uri+AD0-TED:NOTICE:364670+AC0-2020:TEXT:EN:HTML,2020,2,30/07/20,R209.S3,0,1,2023581672,0,N,Institutul de Boli Infec+//3//Q-ioase +//3//f/9-Prof. Dr. Matei Bal+//3//f/9//3//Q-,9524980.0,Str. Dr. Calistrat Grozovici nr. 1,Bucure+//3//Q-ti,21105,RO,N,,8,,Health,N,N,N,U,RO321,Y,,N,3.0,3.0,N,33140000,46,33140000,Y,91,,N,5570447.8,5570447.8,5570447.8,N,N,N,36.0,,,OPE,,,,,L,,,,N,02/09/20,,RO,,N,False,0.09647859636102624
2020364670,ted.europa.eu/udl?uri+AD0-TED:NOTICE:364670+AC0-2020:TEXT:EN:HTML,2020,2,30/07/20,R209.S3,0,1,202127426,0,N,Institutul de Boli Infec+//3//Q-ioase +//3//f/9-Prof. Dr. Matei Bal+//3//f/9//3//Q-,9524980.0,Str. Dr. Calistrat Grozovici nr. 1,Bucure+//3//Q-ti,21105,RO,N,,8,,Health,N,N,N,U,RO321,Y,,N,3.0,3.0,N,33140000,46,33140000,Y,91,,N,5570447.8,5570447.8,5570447.8,N,N,N,36.0,,,OPE,,,,,L,,,,N,02/09/20,,RO,,N,False,0.07975517677033517
2020364670,ted.europa.eu/udl?uri+AD0-TED:NOTICE:364670+AC0-2020:TEXT:EN:HTML,2020,2,30/07/20,R209.S3,0,1,202192262,0,N,Institutul de Boli Infec+//3//Q-ioase +//3//f/9-Prof. Dr. Matei Bal+//3//f/9//3//Q-,9524980.0,Str. Dr. Calistrat Grozovici nr. 1,Bucure+//3//Q-ti,21105,RO,N,,8,,Health,N,N,N,U,RO321,Y,,N,3.0,3.0,N,33140000,46,33140000,Y,91,,N,5570447.8,5570447.8,5570447.8,N,N,N,36.0,,,OPE,,,,,L,,,,N,02/09/20,,RO,,N,False,0.07734869814102535
2020364670,ted.europa.eu/udl?uri+AD0-TED:NOTICE:364670+AC0-2020:TEXT:EN:HTML,2020,2,30/07/20,R209.S3,0,1,2022500844,0,N,Institutul de Boli Infec+//3//Q-ioase +//3//f/9-Prof. Dr. Matei Bal+//3//f/9//3//Q-,9524980.0,Str. Dr. Calistrat Grozovici nr. 1,Bucure+//3//Q-ti,21105,RO,N,,8,,Health,N,N,N,U,RO321,Y,,N,3.0,3.0,N,33140000,46,33140000,Y,91,,N,5570447.8,5570447.8,5570447.8,N,N,N,36.0,,,OPE,,,,,L,,,,N,02/09/20,,RO,,N,False,0.10559491363127971
2020364670,ted.europa.eu/udl?uri+AD0-TED:NOTICE:364670+AC0-2020:TEXT:EN:HTML,2020,2,30/07/20,R209.S3,0,1,2023625683,0,N,Institutul de Boli Infec+//3//Q-ioase +//3//f/9-Prof. Dr. Matei Bal+//3//f/9//3//Q-,9524980.0,Str. Dr. Calistrat Grozovici nr. 1,Bucure+//3//Q-ti,21105,RO,N,,8,,Health,N,N,N,U,RO321,Y,,N,3.0,3.0,N,33140000,46,33140000,Y,91,,N,5570447.8,5570447.8,5570447.8,N,N,N,36.0,,,OPE,,,,,L,,,,N,02/09/20,,RO,,N,False,0.09647859636102624
2020364670,ted.europa.eu/udl?uri+AD0-TED:NOTICE:364670+AC0-2020:TEXT:EN:HTML,2020,2,30/07/20,R209.S3,0,1,2021551631,0,N,Institutul de Boli Infec+//3//Q-ioase +//3//f/9-Prof. Dr. Matei Bal+//3//f/9//3//Q-,9524980.0,Str. Dr. Calistrat Grozovici nr. 1,Bucure+//3//Q-ti,21105,RO,N,,8,,Health,N,N,N,U,RO321,Y,,N,3.0,3.0,N,33140000,46,33140000,Y,91,,N,5570447.8,5570447.8,5570447.8,N,N,N,36.0,,,OPE,,,,,L,,,,N,02/09/20,,RO,,N,False,0.10498364818176109
2020364670,ted.europa.eu/udl?uri+AD0-TED:NOTICE:364670+AC0-2020:TEXT:EN:HTML,2020,2,30/07/20,R209.S3,0,1,202385899,0,N,Institutul de Boli Infec+//3//Q-ioase +//3//f/9-Prof. Dr. Matei Bal+//3//f/9//3//Q-,9524980.0,Str. Dr. Calistrat Grozovici nr. 1,Bucure+//3//Q-ti,21105,RO,N,,8,,Health,N,N,N,U,RO321,Y,,N,3.0,3.0,N,33140000,46,33140000,Y,91,,N,5570447.8,5570447.8,5570447.8,N,N,N,36.0,,,OPE,,,,,L,,,,N,02/09/20,,RO,,N,False,0.07281649749010927
2020364670,ted.europa.eu/udl?uri+AD0-TED:NOTICE:364670+AC0-2020:TEXT:EN:HTML,2020,2,30/07/20,R209.S3,0,1,202247460,0,N,Institutul de Boli Infec+//3//Q-ioase +//3//f/9-Prof. Dr. Matei Bal+//3//f/9//3//Q-,9524980.0,Str. Dr. Calistrat Grozovici nr. 1,Bucure+//3//Q-ti,21105,RO,N,,8,,Health,N,N,N,U,RO321,Y,,N,3.0,3.0,N,33140000,46,33140000,Y,91,,N,5570447.8,5570447.8,5570447.8,N,N,N,36.0,,,OPE,,,,,L,,,,N,02/09/20,,RO,,N,False,0.07864144615381052
2020364670,ted.europa.eu/udl?uri+AD0-TED:NOTICE:364670+AC0-2020:TEXT:EN:HTML,2020,2,30/07/20,R209.S3,0,1,2023476488,0,N,Institutul de Boli Infec+//3//Q-ioase +//3//f/9-Prof. Dr. Matei Bal+//3//f/9//3//Q-,9524980.0,Str. Dr. Calistrat Grozovici nr. 1,Bucure+//3//Q-ti,21105,RO,N,,8,,Health,N,N,N,U,RO321,Y,,N,3.0,3.0,N,33140000,46,33140000,Y,91,,N,5570447.8,5570447.8,5570447.8,N,N,N,36.0,,,OPE,,,,,L,,,,N,02/09/20,,RO,,N,False,0.09816951972479393
2020364670,ted.europa.eu/udl?uri+AD0-TED:NOTICE:364670+AC0-2020:TEXT:EN:HTML,2020,2,30/07/20,R209.S3,0,1,2021164699,0,N,Institutul de Boli Infec+//3//Q-ioase +//3//f/9-Prof. Dr. Matei Bal+//3//f/9//3//Q-,9524980.0,Str. Dr. Calistrat Grozovici nr. 1,Bucure+//3//Q-ti,21105,RO,N,,8,,Health,N,N,N,U,RO321,Y,,N,3.0,3.0,N,33140000,46,33140000,Y,91,,N,5570447.8,5570447.8,5570447.8,N,N,N,36.0,,,OPE,,,,,L,,,,N,02/09/20,,RO,,N,False,0.10444448880327767
2020364670,ted.europa.eu/udl?uri+AD0-TED:NOTICE:364670+AC0-2020:TEXT:EN:HTML,2020,2,30/07/20,R209.S3,0,1,2022146535,0,N,Institutul de Boli Infec+//3//Q-ioase +//3//f/9-Prof. Dr. Matei Bal+//3//f/9//3//Q-,9524980.0,Str. Dr. Calistrat Grozovici nr. 1,Bucure+//3//Q-ti,21105,RO,N,,8,,Health,N,N,N,U,RO321,Y,,N,3.0,3.0,N,33140000,46,33140000,Y,91,,N,5570447.8,5570447.8,5570447.8,N,N,N,36.0,,,OPE,,,,,L,,,,N,02/09/20,,RO,,N,False,0.10570068570137131
2020364670,ted.europa.eu/udl?uri+AD0-TED:NOTICE:364670+AC0-2020:TEXT:EN:HTML,2020,2,30/07/20,R209.S3,0,1,2023176551,0,N,Institutul de Boli Infec+//3//Q-ioase +//3//f/9-Prof. Dr. Matei Bal+//3//f/9//3//Q-,9524980.0,Str. Dr. Calistrat Grozovici nr. 1,Bucure+//3//Q-ti,21105,RO,N,,8,,Health,N,N,N,U,RO321,Y,,N,3.0,3.0,N,33140000,46,33140000,Y,91,,N,5570447.8,5570447.8,5570447.8,N,N,N,36.0,,,OPE,,,,,L,,,,N,02/09/20,,RO,,N,False,0.09857011901062446
2020364670,ted.europa.eu/udl?uri+AD0-TED:NOTICE:364670+AC0-2020:TEXT:EN:HTML,2020,2,30/07/20,R209.S3,0,1,2022398587,0,N,Institutul de Boli Infec+//3//Q-ioase +//3//f/9-Prof. Dr. Matei Bal+//3//f/9//3//Q-,9524980.0,Str. Dr. Calistrat Grozovici nr. 1,Bucure+//3//Q-ti,21105,RO,N,,8,,Health,N,N,N,U,RO321,Y,,N,3.0,3.0,N,33140000,46,33140000,Y,91,,N,5570447.8,5570447.8,5570447.8,N,N,N,36.0,,,OPE,,,,,L,,,,N,02/09/20,,RO,,N,False,0.10559491363127971
2020364670,ted.europa.eu/udl?uri+AD0-TED:NOTICE:364670+AC0-2020:TEXT:EN:HTML,2020,2,30/07/20,R209.S3,0,1,2023549295,0,N,Institutul de Boli Infec+//3//Q-ioase +//3//f/9-Prof. Dr. Matei Bal+//3//f/9//3//Q-,9524980.0,Str. Dr. Calistrat Grozovici nr. 1,Bucure+//3//Q-ti,21105,RO,N,,8,,Health,N,N,N,U,RO321,Y,,N,3.0,3.0,N,33140000,46,33140000,Y,91,,N,5570447.8,5570447.8,5570447.8,N,N,N,36.0,,,OPE,,,,,L,,,,N,02/09/20,,RO,,N,False,0.09647859636102624
2020364670,ted.europa.eu/udl?uri+AD0-TED:NOTICE:364670+AC0-2020:TEXT:EN:HTML,2020,2,30/07/20,R209.S3,0,1,2022232626,0,N,Institutul de Boli Infec+//3//Q-ioase +//3//f/9-Prof. Dr. Matei Bal+//3//f/9//3//Q-,9524980.0,Str. Dr. Calistrat Grozovici nr. 1,Bucure+//3//Q-ti,21105,RO,N,,8,,Health,N,N,N,U,RO321,Y,,N,3.0,3.0,N,33140000,46,33140000,Y,91,,N,5570447.8,5570447.8,5570447.8,N,N,N,36.0,,,OPE,,,,,L,,,,N,02/09/20,,RO,,N,False,0.10570068570137131
2020364670,ted.europa.eu/udl?uri+AD0-TED:NOTICE:364670+AC0-2020:TEXT:EN:HTML,2020,2,30/07/20,R209.S3,0,1,2021242006,0,N,Institutul de Boli Infec+//3//Q-ioase +//3//f/9-Prof. Dr. Matei Bal+//3//f/9//3//Q-,9524980.0,Str. Dr. Calistrat Grozovici nr. 1,Bucure+//3//Q-ti,21105,RO,N,,8,,Health,N,N,N,U,RO321,Y,,N,3.0,3.0,N,33140000,46,33140000,Y,91,,N,5570447.8,5570447.8,5570447.8,N,N,N,36.0,,,OPE,,,,,L,,,,N,02/09/20,,RO,,N,False,0.10495775979795435
2020364670,ted.europa.eu/udl?uri+AD0-TED:NOTICE:364670+AC0-2020:TEXT:EN:HTML,2020,2,30/07/20,R209.S3,0,1,2020624146,0,N,Institutul de Boli Infec+//3//Q-ioase +//3//f/9-Prof. Dr. Matei Bal+//3//f/9//3//Q-,9524980.0,Str. Dr. Calistrat Grozovici nr. 1,Bucure+//3//Q-ti,21105,RO,N,,8,,Health,N,N,N,U,RO321,Y,,N,3.0,3.0,N,33140000,46,33140000,Y,91,,N,5570447.8,5570447.8,5570447.8,N,N,N,36.0,,,OPE,,,,,L,,,,N,02/09/20,,RO,,N,False,0.09730377773390181
2020364670,ted.europa.eu/udl?uri+AD0-TED:NOTICE:364670+AC0-2020:TEXT:EN:HTML,2020,2,30/07/20,R209.S3,0,1,2023717786,0,N,Institutul de Boli Infec+//3//Q-ioase +//3//f/9-Prof. Dr. Matei Bal+//3//f/9//3//Q-,9524980.0,Str. Dr. Calistrat Grozovici nr. 1,Bucure+//3//Q-ti,21105,RO,N,,8,,Health,N,N,N,U,RO321,Y,,N,3.0,3.0,N,33140000,46,33140000,Y,91,,N,5570447.8,5570447.8,5570447.8,N,N,N,36.0,,,OPE,,,,,L,,,,N,02/09/20,,RO,,N,False,0.09347617650551271
2020364670,ted.europa.eu/udl?uri+AD0-TED:NOTICE:364670+AC0-2020:TEXT:EN:HTML,2020,2,30/07/20,R209.S3,0,1,2021594794,0,N,Institutul de Boli Infec+//3//Q-ioase +//3//f/9-Prof. Dr. Matei Bal+//3//f/9//3//Q-,9524980.0,Str. Dr. Calistrat Grozovici nr. 1,Bucure+//3//Q-ti,21105,RO,N,,8,,Health,N,N,N,U,RO321,Y,,N,3.0,3.0,N,33140000,46,33140000,Y,91,,N,5570447.8,5570447.8,5570447.8,N,N,N,36.0,,,OPE,,,,,L,,,,N,02/09/20,,RO,,N,False,0.10527730823133036
2020364670,ted.europa.eu/udl?uri+AD0-TED:NOTICE:364670+AC0-2020:TEXT:EN:HTML,2020,2,30/07/20,R209.S3,0,1,2021173121,0,N,Institutul de Boli Infec+//3//Q-ioase +//3//f/9-Prof. Dr. Matei Bal+//3//f/9//3//Q-,9524980.0,Str. Dr. Calistrat Grozovici nr. 1,Bucure+//3//Q-ti,21105,RO,N,,8,,Health,N,N,N,U,RO321,Y,,N,3.0,3.0,N,33140000,46,33140000,Y,91,,N,5570447.8,5570447.8,5570447.8,N,N,N,36.0,,,OPE,,,,,L,,,,N,02/09/20,,RO,,N,False,0.10444448880327767
2020364670,ted.europa.eu/udl?uri+AD0-TED:NOTICE:364670+AC0-2020:TEXT:EN:HTML,2020,2,30/07/20,R209.S3,0,1,2021393647,0,N,Institutul de Boli Infec+//3//Q-ioase +//3//f/9-Prof. Dr. Matei Bal+//3//f/9//3//Q-,9524980.0,Str. Dr. Calistrat Grozovici nr. 1,Bucure+//3//Q-ti,21105,RO,N,,8,,Health,N,N,N,U,RO321,Y,,N,3.0,3.0,N,33140000,46,33140000,Y,91,,N,5570447.8,5570447.8,5570447.8,N,N,N,36.0,,,OPE,,,,,L,,,,N,02/09/20,,RO,,N,False,0.1047552774189427
2020364670,ted.europa.eu/udl?uri+AD0-TED:NOTICE:364670+AC0-2020:TEXT:EN:HTML,2020,2,30/07/20,R209.S3,0,1,2022273929,0,N,Institutul de Boli Infec+//3//Q-ioase +//3//f/9-Prof. Dr. Matei Bal+//3//f/9//3//Q-,9524980.0,Str. Dr. Calistrat Grozovici nr. 1,Bucure+//3//Q-ti,21105,RO,N,,8,,Health,N,N,N,U,RO321,Y,,N,3.0,3.0,N,33140000,46,33140000,Y,91,,N,5570447.8,5570447.8,5570447.8,N,N,N,36.0,,,OPE,,,,,L,,,,N,02/09/20,,RO,,N,False,0.10559491363127971
2020364670,ted.europa.eu/udl?uri+AD0-TED:NOTICE:364670+AC0-2020:TEXT:EN:HTML,2020,2,30/07/20,R209.S3,0,1,2021463488,0,N,Institutul de Boli Infec+//3//Q-ioase +//3//f/9-Prof. Dr. Matei Bal+//3//f/9//3//Q-,9524980.0,Str. Dr. Calistrat Grozovici nr. 1,Bucure+//3//Q-ti,21105,RO,N,,8,,Health,N,N,N,U,RO321,Y,,N,3.0,3.0,N,33140000,46,33140000,Y,91,,N,5570447.8,5570447.8,5570447.8,N,N,N,36.0,,,OPE,,,,,L,,,,N,02/09/20,,RO,,N,False,0.10471735119211661
2020364670,ted.europa.eu/udl?uri+AD0-TED:NOTICE:364670+AC0-2020:TEXT:EN:HTML,2020,2,30/07/20,R209.S3,0,1,2021558800,0,N,Institutul de Boli Infec+//3//Q-ioase +//3//f/9-Prof. Dr. Matei Bal+//3//f/9//3//Q-,9524980.0,Str. Dr. Calistrat Grozovici nr. 1,Bucure+//3//Q-ti,21105,RO,N,,8,,Health,N,N,N,U,RO321,Y,,N,3.0,3.0,N,33140000,46,33140000,Y,91,,N,5570447.8,5570447.8,5570447.8,N,N,N,36.0,,,OPE,,,,,L,,,,N,02/09/20,,RO,,N,False,0.10523102832594805
2020364670,ted.europa.eu/udl?uri+AD0-TED:NOTICE:364670+AC0-2020:TEXT:EN:HTML,2020,2,30/07/20,R209.S3,0,1,2023324976,0,N,Institutul de Boli Infec+//3//Q-ioase +//3//f/9-Prof. Dr. Matei Bal+//3//f/9//3//Q-,9524980.0,Str. Dr. Calistrat Grozovici nr. 1,Bucure+//3//Q-ti,21105,RO,N,,8,,Health,N,N,N,U,RO321,Y,,N,3.0,3.0,N,33140000,46,33140000,Y,91,,N,5570447.8,5570447.8,5570447.8,N,N,N,36.0,,,OPE,,,,,L,,,,N,02/09/20,,RO,,N,False,0.09925244765589175
2020364670,ted.europa.eu/udl?uri+AD0-TED:NOTICE:364670+AC0-2020:TEXT:EN:HTML,2020,2,30/07/20,R209.S3,0,1,2021261212,0,N,Institutul de Boli Infec+//3//Q-ioase +//3//f/9-Prof. Dr. Matei Bal+//3//f/9//3//Q-,9524980.0,Str. Dr. Calistrat Grozovici nr. 1,Bucure+//3//Q-ti,21105,RO,N,,8,,Health,N,N,N,U,RO321,Y,,N,3.0,3.0,N,33140000,46,33140000,Y,91,,N,5570447.8,5570447.8,5570447.8,N,N,N,36.0,,,OPE,,,,,L,,,,N,02/09/20,,RO,,N,False,0.10495775979795435
2020364670,ted.europa.eu/udl?uri+AD0-TED:NOTICE:364670+AC0-2020:TEXT:EN:HTML,2020,2,30/07/20,R209.S3,0,1,2021141148,0,N,Institutul de Boli Infec+//3//Q-ioase +//3//f/9-Prof. Dr. Matei Bal+//3//f/9//3//Q-,9524980.0,Str. Dr. Calistrat Grozovici nr. 1,Bucure+//3//Q-ti,21105,RO,N,,8,,Health,N,N,N,U,RO321,Y,,N,3.0,3.0,N,33140000,46,33140000,Y,91,,N,5570447.8,5570447.8,5570447.8,N,N,N,36.0,,,OPE,,,,,L,,,,N,02/09/20,,RO,,N,False,0.10433813308927103
2020364670,ted.europa.eu/udl?uri+AD0-TED:NOTICE:364670+AC0-2020:TEXT:EN:HTML,2020,2,30/07/20,R209.S3,0,1,2021128154,0,N,Institutul de Boli Infec+//3//Q-ioase +//3//f/9-Prof. Dr. Matei Bal+//3//f/9//3//Q-,9524980.0,Str. Dr. Calistrat Grozovici nr. 1,Bucure+//3//Q-ti,21105,RO,N,,8,,Health,N,N,N,U,RO321,Y,,N,3.0,3.0,N,33140000,46,33140000,Y,91,,N,5570447.8,5570447.8,5570447.8,N,N,N,36.0,,,OPE,,,,,L,,,,N,02/09/20,,RO,,N,False,0.10433813308927103
2020364670,ted.europa.eu/udl?uri+AD0-TED:NOTICE:364670+AC0-2020:TEXT:EN:HTML,2020,2,30/07/20,R209.S3,0,1,2021201158,0,N,Institutul de Boli Infec+//3//Q-ioase +//3//f/9-Prof. Dr. Matei Bal+//3//f/9//3//Q-,9524980.0,Str. Dr. Calistrat Grozovici nr. 1,Bucure+//3//Q-ti,21105,RO,N,,8,,Health,N,N,N,U,RO321,Y,,N,3.0,3.0,N,33140000,46,33140000,Y,91,,N,5570447.8,5570447.8,5570447.8,N,N,N,36.0,,,OPE,,,,,L,,,,N,02/09/20,,RO,,N,False,0.10444448880327767
2020364670,ted.europa.eu/udl?uri+AD0-TED:NOTICE:364670+AC0-2020:TEXT:EN:HTML,2020,2,30/07/20,R209.S3,0,1,2022155959,0,N,Institutul de Boli Infec+//3//Q-ioase +//3//f/9-Prof. Dr. Matei Bal+//3//f/9//3//Q-,9524980.0,Str. Dr. Calistrat Grozovici nr. 1,Bucure+//3//Q-ti,21105,RO,N,,8,,Health,N,N,N,U,RO321,Y,,N,3.0,3.0,N,33140000,46,33140000,Y,91,,N,5570447.8,5570447.8,5570447.8,N,N,N,36.0,,,OPE,,,,,L,,,,N,02/09/20,,RO,,N,False,0.10570068570137131
2020364670,ted.europa.eu/udl?uri+AD0-TED:NOTICE:364670+AC0-2020:TEXT:EN:HTML,2020,2,30/07/20,R209.S3,0,1,2022664901,0,N,Institutul de Boli Infec+//3//Q-ioase +//3//f/9-Prof. Dr. Matei Bal+//3//f/9//3//Q-,9524980.0,Str. Dr. Calistrat Grozovici nr. 1,Bucure+//3//Q-ti,21105,RO,N,,8,,Health,N,N,N,U,RO321,Y,,N,3.0,3.0,N,33140000,46,33140000,Y,91,,N,5570447.8,5570447.8,5570447.8,N,N,N,36.0,,,OPE,,,,,L,,,,N,02/09/20,,RO,,N,False,0.10438344026515195
2020364670,ted.europa.eu/udl?uri+AD0-TED:NOTICE:364670+AC0-2020:TEXT:EN:HTML,2020,2,30/07/20,R209.S3,0,1,2021420134,0,N,Institutul de Boli Infec+//3//Q-ioase +//3//f/9-Prof. Dr. Matei Bal+//3//f/9//3//Q-,9524980.0,Str. Dr. Calistrat Grozovici nr. 1,Bucure+//3//Q-ti,21105,RO,N,,8,,Health,N,N,N,U,RO321,Y,,N,3.0,3.0,N,33140000,46,33140000,Y,91,,N,5570447.8,5570447.8,5570447.8,N,N,N,36.0,,,OPE,,,,,L,,,,N,02/09/20,,RO,,N,False,0.10480295397999617
2020364670,ted.europa.eu/udl?uri+AD0-TED:NOTICE:364670+AC0-2020:TEXT:EN:HTML,2020,2,30/07/20,R209.S3,0,1,2021644998,0,N,Institutul de Boli Infec+//3//Q-ioase +//3//f/9-Prof. Dr. Matei Bal+//3//f/9//3//Q-,9524980.0,Str. Dr. Calistrat Grozovici nr. 1,Bucure+//3//Q-ti,21105,RO,N,,8,,Health,N,N,N,U,RO321,Y,,N,3.0,3.0,N,33140000,46,33140000,Y,91,,N,5570447.8,5570447.8,5570447.8,N,N,N,36.0,,,OPE,,,,,L,,,,N,02/09/20,,RO,,N,False,0.10527730823133036
2020364670,ted.europa.eu/udl?uri+AD0-TED:NOTICE:364670+AC0-2020:TEXT:EN:HTML,2020,2,30/07/20,R209.S3,0,1,202168902,0,N,Institutul de Boli Infec+//3//Q-ioase +//3//f/9-Prof. Dr. Matei Bal+//3//f/9//3//Q-,9524980.0,Str. Dr. Calistrat Grozovici nr. 1,Bucure+//3//Q-ti,21105,RO,N,,8,,Health,N,N,N,U,RO321,Y,,N,3.0,3.0,N,33140000,46,33140000,Y,91,,N,5570447.8,5570447.8,5570447.8,N,N,N,36.0,,,OPE,,,,,L,,,,N,02/09/20,,RO,,N,False,0.07903323317428118
2020364670,ted.europa.eu/udl?uri+AD0-TED:NOTICE:364670+AC0-2020:TEXT:EN:HTML,2020,2,30/07/20,R209.S3,0,1,2021577863,0,N,Institutul de Boli Infec+//3//Q-ioase +//3//f/9-Prof. Dr. Matei Bal+//3//f/9//3//Q-,9524980.0,Str. Dr. Calistrat Grozovici nr. 1,Bucure+//3//Q-ti,21105,RO,N,,8,,Health,N,N,N,U,RO321,Y,,N,3.0,3.0,N,33140000,46,33140000,Y,91,,N,5570447.8,5570447.8,5570447.8,N,N,N,36.0,,,OPE,,,,,L,,,,N,02/09/20,,RO,,N,False,0.10527730823133036
2020364670,ted.europa.eu/udl?uri+AD0-TED:NOTICE:364670+AC0-2020:TEXT:EN:HTML,2020,2,30/07/20,R209.S3,0,1,2022343835,0,N,Institutul de Boli Infec+//3//Q-ioase +//3//f/9-Prof. Dr. Matei Bal+//3//f/9//3//Q-,9524980.0,Str. Dr. Calistrat Grozovici nr. 1,Bucure+//3//Q-ti,21105,RO,N,,8,,Health,N,N,N,U,RO321,Y,,N,3.0,3.0,N,33140000,46,33140000,Y,91,,N,5570447.8,5570447.8,5570447.8,N,N,N,36.0,,,OPE,,,,,L,,,,N,02/09/20,,RO,,N,False,0.10559491363127971
2020364670,ted.europa.eu/udl?uri+AD0-TED:NOTICE:364670+AC0-2020:TEXT:EN:HTML,2020,2,30/07/20,R209.S3,0,1,2022653606,0,N,Institutul de Boli Infec+//3//Q-ioase +//3//f/9-Prof. Dr. Matei Bal+//3//f/9//3//Q-,9524980.0,Str. Dr. Calistrat Grozovici nr. 1,Bucure+//3//Q-ti,21105,RO,N,,8,,Health,N,N,N,U,RO321,Y,,N,3.0,3.0,N,33140000,46,33140000,Y,91,,N,5570447.8,5570447.8,5570447.8,N,N,N,36.0,,,OPE,,,,,L,,,,N,02/09/20,,RO,,N,False,0.10438344026515195
2020364670,ted.europa.eu/udl?uri+AD0-TED:NOTICE:364670+AC0-2020:TEXT:EN:HTML,2020,2,30/07/20,R209.S3,0,1,202240525,0,N,Institutul de Boli Infec+//3//Q-ioase +//3//f/9-Prof. Dr. Matei Bal+//3//f/9//3//Q-,9524980.0,Str. Dr. Calistrat Grozovici nr. 1,Bucure+//3//Q-ti,21105,RO,N,,8,,Health,N,N,N,U,RO321,Y,,N,3.0,3.0,N,33140000,46,33140000,Y,91,,N,5570447.8,5570447.8,5570447.8,N,N,N,36.0,,,OPE,,,,,L,,,,N,02/09/20,,RO,,N,False,0.07779657734546741
2020364670,ted.europa.eu/udl?uri+AD0-TED:NOTICE:364670+AC0-2020:TEXT:EN:HTML,2020,2,30/07/20,R209.S3,0,1,2021624081,0,N,Institutul de Boli Infec+//3//Q-ioase +//3//f/9-Prof. Dr. Matei Bal+//3//f/9//3//Q-,9524980.0,Str. Dr. Calistrat Grozovici nr. 1,Bucure+//3//Q-ti,21105,RO,N,,8,,Health,N,N,N,U,RO321,Y,,N,3.0,3.0,N,33140000,46,33140000,Y,91,,N,5570447.8,5570447.8,5570447.8,N,N,N,36.0,,,OPE,,,,,L,,,,N,02/09/20,,RO,,N,False,0.10527730823133036
2020364670,ted.europa.eu/udl?uri+AD0-TED:NOTICE:364670+AC0-2020:TEXT:EN:HTML,2020,2,30/07/20,R209.S3,0,1,20237226,0,N,Institutul de Boli Infec+//3//Q-ioase +//3//f/9-Prof. Dr. Matei Bal+//3//f/9//3//Q-,9524980.0,Str. Dr. Calistrat Grozovici nr. 1,Bucure+//3//Q-ti,21105,RO,N,,8,,Health,N,N,N,U,RO321,Y,,N,3.0,3.0,N,33140000,46,33140000,Y,91,,N,5570447.8,5570447.8,5570447.8,N,N,N,36.0,,,OPE,,,,,L,,,,N,02/09/20,,RO,,N,False,0.06427073467238892
2020364670,ted.europa.eu/udl?uri+AD0-TED:NOTICE:364670+AC0-2020:TEXT:EN:HTML,2020,2,30/07/20,R209.S3,0,1,202185489,0,N,Institutul de Boli Infec+//3//Q-ioase +//3//f/9-Prof. Dr. Matei Bal+//3//f/9//3//Q-,9524980.0,Str. Dr. Calistrat Grozovici nr. 1,Bucure+//3//Q-ti,21105,RO,N,,8,,Health,N,N,N,U,RO321,Y,,N,3.0,3.0,N,33140000,46,33140000,Y,91,,N,5570447.8,5570447.8,5570447.8,N,N,N,36.0,,,OPE,,,,,L,,,,N,02/09/20,,RO,,N,False,0.07800319204538508
2020364670,ted.europa.eu/udl?uri+AD0-TED:NOTICE:364670+AC0-2020:TEXT:EN:HTML,2020,2,30/07/20,R209.S3,0,1,202141140,0,N,Institutul de Boli Infec+//3//Q-ioase +//3//f/9-Prof. Dr. Matei Bal+//3//f/9//3//Q-,9524980.0,Str. Dr. Calistrat Grozovici nr. 1,Bucure+//3//Q-ti,21105,RO,N,,8,,Health,N,N,N,U,RO321,Y,,N,3.0,3.0,N,33140000,46,33140000,Y,91,,N,5570447.8,5570447.8,5570447.8,N,N,N,36.0,,,OPE,,,,,L,,,,N,02/09/20,,RO,,N,False,0.07975517677033517
2020364670,ted.europa.eu/udl?uri+AD0-TED:NOTICE:364670+AC0-2020:TEXT:EN:HTML,2020,2,30/07/20,R209.S3,0,1,202111197,0,N,Institutul de Boli Infec+//3//Q-ioase +//3//f/9-Prof. Dr. Matei Bal+//3//f/9//3//Q-,9524980.0,Str. Dr. Calistrat Grozovici nr. 1,Bucure+//3//Q-ti,21105,RO,N,,8,,Health,N,N,N,U,RO321,Y,,N,3.0,3.0,N,33140000,46,33140000,Y,91,,N,5570447.8,5570447.8,5570447.8,N,N,N,36.0,,,OPE,,,,,L,,,,N,02/09/20,,RO,,N,False,0.07922411496798809
2020364670,ted.europa.eu/udl?uri+AD0-TED:NOTICE:364670+AC0-2020:TEXT:EN:HTML,2020,2,30/07/20,R209.S3,0,1,2022468801,0,N,Institutul de Boli Infec+//3//Q-ioase +//3//f/9-Prof. Dr. Matei Bal+//3//f/9//3//Q-,9524980.0,Str. Dr. Calistrat Grozovici nr. 1,Bucure+//3//Q-ti,21105,RO,N,,8,,Health,N,N,N,U,RO321,Y,,N,3.0,3.0,N,33140000,46,33140000,Y,91,,N,5570447.8,5570447.8,5570447.8,N,N,N,36.0,,,OPE,,,,,L,,,,N,02/09/20,,RO,,N,False,0.10559491363127971
2020364670,ted.europa.eu/udl?uri+AD0-TED:NOTICE:364670+AC0-2020:TEXT:EN:HTML,2020,2,30/07/20,R209.S3,0,1,2021544190,0,N,Institutul de Boli Infec+//3//Q-ioase +//3//f/9-Prof. Dr. Matei Bal+//3//f/9//3//Q-,9524980.0,Str. Dr. Calistrat Grozovici nr. 1,Bucure+//3//Q-ti,21105,RO,N,,8,,Health,N,N,N,U,RO321,Y,,N,3.0,3.0,N,33140000,46,33140000,Y,91,,N,5570447.8,5570447.8,5570447.8,N,N,N,36.0,,,OPE,,,,,L,,,,N,02/09/20,,RO,,N,False,0.10498364818176109
2020364670,ted.europa.eu/udl?uri+AD0-TED:NOTICE:364670+AC0-2020:TEXT:EN:HTML,2020,2,30/07/20,R209.S3,0,1,2021673870,0,N,Institutul de Boli Infec+//3//Q-ioase +//3//f/9-Prof. Dr. Matei Bal+//3//f/9//3//Q-,9524980.0,Str. Dr. Calistrat Grozovici nr. 1,Bucure+//3//Q-ti,21105,RO,N,,8,,Health,N,N,N,U,RO321,Y,,N,3.0,3.0,N,33140000,46,33140000,Y,91,,N,5570447.8,5570447.8,5570447.8,N,N,N,36.0,,,OPE,,,,,L,,,,N,02/09/20,,RO,,N,False,0.10527730823133036
2020364670,ted.europa.eu/udl?uri+AD0-TED:NOTICE:364670+AC0-2020:TEXT:EN:HTML,2020,2,30/07/20,R209.S3,0,1,2022215122,0,N,Institutul de Boli Infec+//3//Q-ioase +//3//f/9-Prof. Dr. Matei Bal+//3//f/9//3//Q-,9524980.0,Str. Dr. Calistrat Grozovici nr. 1,Bucure+//3//Q-ti,21105,RO,N,,8,,Health,N,N,N,U,RO321,Y,,N,3.0,3.0,N,33140000,46,33140000,Y,91,,N,5570447.8,5570447.8,5570447.8,N,N,N,36.0,,,OPE,,,,,L,,,,N,02/09/20,,RO,,N,False,0.10570068570137131
2020364670,ted.europa.eu/udl?uri+AD0-TED:NOTICE:364670+AC0-2020:TEXT:EN:HTML,2020,2,30/07/20,R209.S3,0,1,2021453715,0,N,Institutul de Boli Infec+//3//Q-ioase +//3//f/9-Prof. Dr. Matei Bal+//3//f/9//3//Q-,9524980.0,Str. Dr. Calistrat Grozovici nr. 1,Bucure+//3//Q-ti,21105,RO,N,,8,,Health,N,N,N,U,RO321,Y,,N,3.0,3.0,N,33140000,46,33140000,Y,91,,N,5570447.8,5570447.8,5570447.8,N,N,N,36.0,,,OPE,,,,,L,,,,N,02/09/20,,RO,,N,False,0.10471735119211661
2020364670,ted.europa.eu/udl?uri+AD0-TED:NOTICE:364670+AC0-2020:TEXT:EN:HTML,2020,2,30/07/20,R209.S3,0,1,2023132064,0,N,Institutul de Boli Infec+//3//Q-ioase +//3//f/9-Prof. Dr. Matei Bal+//3//f/9//3//Q-,9524980.0,Str. Dr. Calistrat Grozovici nr. 1,Bucure+//3//Q-ti,21105,RO,N,,8,,Health,N,N,N,U,RO321,Y,,N,3.0,3.0,N,33140000,46,33140000,Y,91,,N,5570447.8,5570447.8,5570447.8,N,N,N,36.0,,,OPE,,,,,L,,,,N,02/09/20,,RO,,N,False,0.09857011901062446
2020364670,ted.europa.eu/udl?uri+AD0-TED:NOTICE:364670+AC0-2020:TEXT:EN:HTML,2020,2,30/07/20,R209.S3,0,1,2020553181,0,N,Institutul de Boli Infec+//3//Q-ioase +//3//f/9-Prof. Dr. Matei Bal+//3//f/9//3//Q-,9524980.0,Str. Dr. Calistrat Grozovici nr. 1,Bucure+//3//Q-ti,21105,RO,N,,8,,Health,N,N,N,U,RO321,Y,,N,3.0,3.0,N,33140000,46,33140000,Y,91,,N,5570447.8,5570447.8,5570447.8,N,N,N,36.0,,,OPE,,,,,L,,,,N,02/09/20,,RO,,N,False,0.09626567694756988
2020364670,ted.europa.eu/udl?uri+AD0-TED:NOTICE:364670+AC0-2020:TEXT:EN:HTML,2020,2,30/07/20,R209.S3,0,1,2023306387,0,N,Institutul de Boli Infec+//3//Q-ioase +//3//f/9-Prof. Dr. Matei Bal+//3//f/9//3//Q-,9524980.0,Str. Dr. Calistrat Grozovici nr. 1,Bucure+//3//Q-ti,21105,RO,N,,8,,Health,N,N,N,U,RO321,Y,,N,3.0,3.0,N,33140000,46,33140000,Y,91,,N,5570447.8,5570447.8,5570447.8,N,N,N,36.0,,,OPE,,,,,L,,,,N,02/09/20,,RO,,N,False,0.09925244765589175
2020364670,ted.europa.eu/udl?uri+AD0-TED:NOTICE:364670+AC0-2020:TEXT:EN:HTML,2020,2,30/07/20,R209.S3,0,1,202131543,0,N,Institutul de Boli Infec+//3//Q-ioase +//3//f/9-Prof. Dr. Matei Bal+//3//f/9//3//Q-,9524980.0,Str. Dr. Calistrat Grozovici nr. 1,Bucure+//3//Q-ti,21105,RO,N,,8,,Health,N,N,N,U,RO321,Y,,N,3.0,3.0,N,33140000,46,33140000,Y,91,,N,5570447.8,5570447.8,5570447.8,N,N,N,36.0,,,OPE,,,,,L,,,,N,02/09/20,,RO,,N,False,0.07975517677033517
2020364670,ted.europa.eu/udl?uri+AD0-TED:NOTICE:364670+AC0-2020:TEXT:EN:HTML,2020,2,30/07/20,R209.S3,0,1,2021107321,0,N,Institutul de Boli Infec+//3//Q-ioase +//3//f/9-Prof. Dr. Matei Bal+//3//f/9//3//Q-,9524980.0,Str. Dr. Calistrat Grozovici nr. 1,Bucure+//3//Q-ti,21105,RO,N,,8,,Health,N,N,N,U,RO321,Y,,N,3.0,3.0,N,33140000,46,33140000,Y,91,,N,5570447.8,5570447.8,5570447.8,N,N,N,36.0,,,OPE,,,,,L,,,,N,02/09/20,,RO,,N,False,0.10275278957680573
2020364670,ted.europa.eu/udl?uri+AD0-TED:NOTICE:364670+AC0-2020:TEXT:EN:HTML,2020,2,30/07/20,R209.S3,0,1,2021273696,0,N,Institutul de Boli Infec+//3//Q-ioase +//3//f/9-Prof. Dr. Matei Bal+//3//f/9//3//Q-,9524980.0,Str. Dr. Calistrat Grozovici nr. 1,Bucure+//3//Q-ti,21105,RO,N,,8,,Health,N,N,N,U,RO321,Y,,N,3.0,3.0,N,33140000,46,33140000,Y,91,,N,5570447.8,5570447.8,5570447.8,N,N,N,36.0,,,OPE,,,,,L,,,,N,02/09/20,,RO,,N,False,0.10495775979795435
2020364670,ted.europa.eu/udl?uri+AD0-TED:NOTICE:364670+AC0-2020:TEXT:EN:HTML,2020,2,30/07/20,R209.S3,0,1,2020595080,0,N,Institutul de Boli Infec+//3//Q-ioase +//3//f/9-Prof. Dr. Matei Bal+//3//f/9//3//Q-,9524980.0,Str. Dr. Calistrat Grozovici nr. 1,Bucure+//3//Q-ti,21105,RO,N,,8,,Health,N,N,N,U,RO321,Y,,N,3.0,3.0,N,33140000,46,33140000,Y,91,,N,5570447.8,5570447.8,5570447.8,N,N,N,36.0,,,OPE,,,,,L,,,,N,02/09/20,,RO,,N,False,0.09730377773390181
2020364670,ted.europa.eu/udl?uri+AD0-TED:NOTICE:364670+AC0-2020:TEXT:EN:HTML,2020,2,30/07/20,R209.S3,0,1,2023683902,0,N,Institutul de Boli Infec+//3//Q-ioase +//3//f/9-Prof. Dr. Matei Bal+//3//f/9//3//Q-,9524980.0,Str. Dr. Calistrat Grozovici nr. 1,Bucure+//3//Q-ti,21105,RO,N,,8,,Health,N,N,N,U,RO321,Y,,N,3.0,3.0,N,33140000,46,33140000,Y,91,,N,5570447.8,5570447.8,5570447.8,N,N,N,36.0,,,OPE,,,,,L,,,,N,02/09/20,,RO,,N,False,0.09554743549313932
2020364670,ted.europa.eu/udl?uri+AD0-TED:NOTICE:364670+AC0-2020:TEXT:EN:HTML,2020,2,30/07/20,R209.S3,0,1,202295397,0,N,Institutul de Boli Infec+//3//Q-ioase +//3//f/9-Prof. Dr. Matei Bal+//3//f/9//3//Q-,9524980.0,Str. Dr. Calistrat Grozovici nr. 1,Bucure+//3//Q-ti,21105,RO,N,,8,,Health,N,N,N,U,RO321,Y,,N,3.0,3.0,N,33140000,46,33140000,Y,91,,N,5570447.8,5570447.8,5570447.8,N,N,N,36.0,,,OPE,,,,,L,,,,N,02/09/20,,RO,,N,False,0.07642105449650344
2020364670,ted.europa.eu/udl?uri+AD0-TED:NOTICE:364670+AC0-2020:TEXT:EN:HTML,2020,2,30/07/20,R209.S3,0,1,2021400142,0,N,Institutul de Boli Infec+//3//Q-ioase +//3//f/9-Prof. Dr. Matei Bal+//3//f/9//3//Q-,9524980.0,Str. Dr. Calistrat Grozovici nr. 1,Bucure+//3//Q-ti,21105,RO,N,,8,,Health,N,N,N,U,RO321,Y,,N,3.0,3.0,N,33140000,46,33140000,Y,91,,N,5570447.8,5570447.8,5570447.8,N,N,N,36.0,,,OPE,,,,,L,,,,N,02/09/20,,RO,,N,False,0.1047552774189427
2020364670,ted.europa.eu/udl?uri+AD0-TED:NOTICE:364670+AC0-2020:TEXT:EN:HTML,2020,2,30/07/20,R209.S3,0,1,2022449975,0,N,Institutul de Boli Infec+//3//Q-ioase +//3//f/9-Prof. Dr. Matei Bal+//3//f/9//3//Q-,9524980.0,Str. Dr. Calistrat Grozovici nr. 1,Bucure+//3//Q-ti,21105,RO,N,,8,,Health,N,N,N,U,RO321,Y,,N,3.0,3.0,N,33140000,46,33140000,Y,91,,N,5570447.8,5570447.8,5570447.8,N,N,N,36.0,,,OPE,,,,,L,,,,N,02/09/20,,RO,,N,False,0.10559491363127971
2020364670,ted.europa.eu/udl?uri+AD0-TED:NOTICE:364670+AC0-2020:TEXT:EN:HTML,2020,2,30/07/20,R209.S3,0,1,2022627418,0,N,Institutul de Boli Infec+//3//Q-ioase +//3//f/9-Prof. Dr. Matei Bal+//3//f/9//3//Q-,9524980.0,Str. Dr. Calistrat Grozovici nr. 1,Bucure+//3//Q-ti,21105,RO,N,,8,,Health,N,N,N,U,RO321,Y,,N,3.0,3.0,N,33140000,46,33140000,Y,91,,N,5570447.8,5570447.8,5570447.8,N,N,N,36.0,,,OPE,,,,,L,,,,N,02/09/20,,RO,,N,False,0.10438344026515195
2020364670,ted.europa.eu/udl?uri+AD0-TED:NOTICE:364670+AC0-2020:TEXT:EN:HTML,2020,2,30/07/20,R209.S3,0,1,2023717786,0,N,Institutul de Boli Infec+//3//Q-ioase +//3//f/9-Prof. Dr. Matei Bal+//3//f/9//3//Q-,9524980.0,Str. Dr. Calistrat Grozovici nr. 1,Bucure+//3//Q-ti,21105,RO,N,,8,,Health,N,N,N,U,RO321,Y,,N,3.0,3.0,N,33140000,47,33140000,Y,91,,N,5570447.8,5570447.8,5570447.8,N,N,N,36.0,,,OPE,,,,,L,,,,N,02/09/20,,RO,,N,False,0.08338498708812919
2020364670,ted.europa.eu/udl?uri+AD0-TED:NOTICE:364670+AC0-2020:TEXT:EN:HTML,2020,2,30/07/20,R209.S3,0,1,2021577863,0,N,Institutul de Boli Infec+//3//Q-ioase +//3//f/9-Prof. Dr. Matei Bal+//3//f/9//3//Q-,9524980.0,Str. Dr. Calistrat Grozovici nr. 1,Bucure+//3//Q-ti,21105,RO,N,,8,,Health,N,N,N,U,RO321,Y,,N,3.0,3.0,N,33140000,47,33140000,Y,91,,N,5570447.8,5570447.8,5570447.8,N,N,N,36.0,,,OPE,,,,,L,,,,N,02/09/20,,RO,,N,False,0.0934323756865243
2020364670,ted.europa.eu/udl?uri+AD0-TED:NOTICE:364670+AC0-2020:TEXT:EN:HTML,2020,2,30/07/20,R209.S3,0,1,2021673870,0,N,Institutul de Boli Infec+//3//Q-ioase +//3//f/9-Prof. Dr. Matei Bal+//3//f/9//3//Q-,9524980.0,Str. Dr. Calistrat Grozovici nr. 1,Bucure+//3//Q-ti,21105,RO,N,,8,,Health,N,N,N,U,RO321,Y,,N,3.0,3.0,N,33140000,47,33140000,Y,91,,N,5570447.8,5570447.8,5570447.8,N,N,N,36.0,,,OPE,,,,,L,,,,N,02/09/20,,RO,,N,False,0.09223322560809616
2020364670,ted.europa.eu/udl?uri+AD0-TED:NOTICE:364670+AC0-2020:TEXT:EN:HTML,2020,2,30/07/20,R209.S3,0,1,2023239911,0,N,Institutul de Boli Infec+//3//Q-ioase +//3//f/9-Prof. Dr. Matei Bal+//3//f/9//3//Q-,9524980.0,Str. Dr. Calistrat Grozovici nr. 1,Bucure+//3//Q-ti,21105,RO,N,,8,,Health,N,N,N,U,RO321,Y,,N,3.0,3.0,N,33140000,47,33140000,Y,91,,N,5570447.8,5570447.8,5570447.8,N,N,N,36.0,,,OPE,,,,,L,,,,N,02/09/20,,RO,,N,False,0.0861751121208304
2020364670,ted.europa.eu/udl?uri+AD0-TED:NOTICE:364670+AC0-2020:TEXT:EN:HTML,2020,2,30/07/20,R209.S3,0,1,2022146535,0,N,Institutul de Boli Infec+//3//Q-ioase +//3//f/9-Prof. Dr. Matei Bal+//3//f/9//3//Q-,9524980.0,Str. Dr. Calistrat Grozovici nr. 1,Bucure+//3//Q-ti,21105,RO,N,,8,,Health,N,N,N,U,RO321,Y,,N,3.0,3.0,N,33140000,47,33140000,Y,91,,N,5570447.8,5570447.8,5570447.8,N,N,N,36.0,,,OPE,,,,,L,,,,N,02/09/20,,RO,,N,False,0.092752601075691
2020364670,ted.europa.eu/udl?uri+AD0-TED:NOTICE:364670+AC0-2020:TEXT:EN:HTML,2020,2,30/07/20,R209.S3,0,1,2021551631,0,N,Institutul de Boli Infec+//3//Q-ioase +//3//f/9-Prof. Dr. Matei Bal+//3//f/9//3//Q-,9524980.0,Str. Dr. Calistrat Grozovici nr. 1,Bucure+//3//Q-ti,21105,RO,N,,8,,Health,N,N,N,U,RO321,Y,,N,3.0,3.0,N,33140000,47,33140000,Y,91,,N,5570447.8,5570447.8,5570447.8,N,N,N,36.0,,,OPE,,,,,L,,,,N,02/09/20,,RO,,N,False,0.09336936139724322
2020364670,ted.europa.eu/udl?uri+AD0-TED:NOTICE:364670+AC0-2020:TEXT:EN:HTML,2020,2,30/07/20,R209.S3,0,1,2022273929,0,N,Institutul de Boli Infec+//3//Q-ioase +//3//f/9-Prof. Dr. Matei Bal+//3//f/9//3//Q-,9524980.0,Str. Dr. Calistrat Grozovici nr. 1,Bucure+//3//Q-ti,21105,RO,N,,8,,Health,N,N,N,U,RO321,Y,,N,3.0,3.0,N,33140000,47,33140000,Y,91,,N,5570447.8,5570447.8,5570447.8,N,N,N,36.0,,,OPE,,,,,L,,,,N,02/09/20,,RO,,N,False,0.09251465668035963
2020364670,ted.europa.eu/udl?uri+AD0-TED:NOTICE:364670+AC0-2020:TEXT:EN:HTML,2020,2,30/07/20,R209.S3,0,1,2022468801,0,N,Institutul de Boli Infec+//3//Q-ioase +//3//f/9-Prof. Dr. Matei Bal+//3//f/9//3//Q-,9524980.0,Str. Dr. Calistrat Grozovici nr. 1,Bucure+//3//Q-ti,21105,RO,N,,8,,Health,N,N,N,U,RO321,Y,,N,3.0,3.0,N,33140000,47,33140000,Y,91,,N,5570447.8,5570447.8,5570447.8,N,N,N,36.0,,,OPE,,,,,L,,,,N,02/09/20,,RO,,N,False,0.09119024169656259
2020364670,ted.europa.eu/udl?uri+AD0-TED:NOTICE:364670+AC0-2020:TEXT:EN:HTML,2020,2,30/07/20,R209.S3,0,1,2021420134,0,N,Institutul de Boli Infec+//3//Q-ioase +//3//f/9-Prof. Dr. Matei Bal+//3//f/9//3//Q-,9524980.0,Str. Dr. Calistrat Grozovici nr. 1,Bucure+//3//Q-ti,21105,RO,N,,8,,Health,N,N,N,U,RO321,Y,,N,3.0,3.0,N,33140000,47,33140000,Y,91,,N,5570447.8,5570447.8,5570447.8,N,N,N,36.0,,,OPE,,,,,L,,,,N,02/09/20,,RO,,N,False,0.09320985028256679
2020364670,ted.europa.eu/udl?uri+AD0-TED:NOTICE:364670+AC0-2020:TEXT:EN:HTML,2020,2,30/07/20,R209.S3,0,1,2020553181,0,N,Institutul de Boli Infec+//3//Q-ioase +//3//f/9-Prof. Dr. Matei Bal+//3//f/9//3//Q-,9524980.0,Str. Dr. Calistrat Grozovici nr. 1,Bucure+//3//Q-ti,21105,RO,N,,8,,Health,N,N,N,U,RO321,Y,,N,3.0,3.0,N,33140000,47,33140000,Y,91,,N,5570447.8,5570447.8,5570447.8,N,N,N,36.0,,,OPE,,,,,L,,,,N,02/09/20,,RO,,N,False,0.08611861056582776
2020364670,ted.europa.eu/udl?uri+AD0-TED:NOTICE:364670+AC0-2020:TEXT:EN:HTML,2020,2,30/07/20,R209.S3,0,1,2022215122,0,N,Institutul de Boli Infec+//3//Q-ioase +//3//f/9-Prof. Dr. Matei Bal+//3//f/9//3//Q-,9524980.0,Str. Dr. Calistrat Grozovici nr. 1,Bucure+//3//Q-ti,21105,RO,N,,8,,Health,N,N,N,U,RO321,Y,,N,3.0,3.0,N,33140000,47,33140000,Y,91,,N,5570447.8,5570447.8,5570447.8,N,N,N,36.0,,,OPE,,,,,L,,,,N,02/09/20,,RO,,N,False,0.09318119427611721
2020364670,ted.europa.eu/udl?uri+AD0-TED:NOTICE:364670+AC0-2020:TEXT:EN:HTML,2020,2,30/07/20,R209.S3,0,1,2023476488,0,N,Institutul de Boli Infec+//3//Q-ioase +//3//f/9-Prof. Dr. Matei Bal+//3//f/9//3//Q-,9524980.0,Str. Dr. Calistrat Grozovici nr. 1,Bucure+//3//Q-ti,21105,RO,N,,8,,Health,N,N,N,U,RO321,Y,,N,3.0,3.0,N,33140000,47,33140000,Y,91,,N,5570447.8,5570447.8,5570447.8,N,N,N,36.0,,,OPE,,,,,L,,,,N,02/09/20,,RO,,N,False,0.08598795892055072
2020364670,ted.europa.eu/udl?uri+AD0-TED:NOTICE:364670+AC0-2020:TEXT:EN:HTML,2020,2,30/07/20,R209.S3,0,1,2021393647,0,N,Institutul de Boli Infec+//3//Q-ioase +//3//f/9-Prof. Dr. Matei Bal+//3//f/9//3//Q-,9524980.0,Str. Dr. Calistrat Grozovici nr. 1,Bucure+//3//Q-ti,21105,RO,N,,8,,Health,N,N,N,U,RO321,Y,,N,3.0,3.0,N,33140000,47,33140000,Y,91,,N,5570447.8,5570447.8,5570447.8,N,N,N,36.0,,,OPE,,,,,L,,,,N,02/09/20,,RO,,N,False,0.09329764539297225
2020364670,ted.europa.eu/udl?uri+AD0-TED:NOTICE:364670+AC0-2020:TEXT:EN:HTML,2020,2,30/07/20,R209.S3,0,1,202385899,0,N,Institutul de Boli Infec+//3//Q-ioase +//3//f/9-Prof. Dr. Matei Bal+//3//f/9//3//Q-,9524980.0,Str. Dr. Calistrat Grozovici nr. 1,Bucure+//3//Q-ti,21105,RO,N,,8,,Health,N,N,N,U,RO321,Y,,N,3.0,3.0,N,33140000,47,33140000,Y,91,,N,5570447.8,5570447.8,5570447.8,N,N,N,36.0,,,OPE,,,,,L,,,,N,02/09/20,,RO,,N,False,0.06330431242636586
2020364670,ted.europa.eu/udl?uri+AD0-TED:NOTICE:364670+AC0-2020:TEXT:EN:HTML,2020,2,30/07/20,R209.S3,0,1,202247460,0,N,Institutul de Boli Infec+//3//Q-ioase +//3//f/9-Prof. Dr. Matei Bal+//3//f/9//3//Q-,9524980.0,Str. Dr. Calistrat Grozovici nr. 1,Bucure+//3//Q-ti,21105,RO,N,,8,,Health,N,N,N,U,RO321,Y,,N,3.0,3.0,N,33140000,47,33140000,Y,91,,N,5570447.8,5570447.8,5570447.8,N,N,N,36.0,,,OPE,,,,,L,,,,N,02/09/20,,RO,,N,False,0.06627348828256907
2020364670,ted.europa.eu/udl?uri+AD0-TED:NOTICE:364670+AC0-2020:TEXT:EN:HTML,2020,2,30/07/20,R209.S3,0,1,2022343835,0,N,Institutul de Boli Infec+//3//Q-ioase +//3//f/9-Prof. Dr. Matei Bal+//3//f/9//3//Q-,9524980.0,Str. Dr. Calistrat Grozovici nr. 1,Bucure+//3//Q-ti,21105,RO,N,,8,,Health,N,N,N,U,RO321,Y,,N,3.0,3.0,N,33140000,47,33140000,Y,91,,N,5570447.8,5570447.8,5570447.8,N,N,N,36.0,,,OPE,,,,,L,,,,N,02/09/20,,RO,,N,False,0.09185308801697029
2020364670,ted.europa.eu/udl?uri+AD0-TED:NOTICE:364670+AC0-2020:TEXT:EN:HTML,2020,2,30/07/20,R209.S3,0,1,2021631100,0,N,Institutul de Boli Infec+//3//Q-ioase +//3//f/9-Prof. Dr. Matei Bal+//3//f/9//3//Q-,9524980.0,Str. Dr. Calistrat Grozovici nr. 1,Bucure+//3//Q-ti,21105,RO,N,,8,,Health,N,N,N,U,RO321,Y,,N,3.0,3.0,N,33140000,47,33140000,Y,91,,N,5570447.8,5570447.8,5570447.8,N,N,N,36.0,,,OPE,,,,,L,,,,N,02/09/20,,RO,,N,False,0.0934323756865243
2020364670,ted.europa.eu/udl?uri+AD0-TED:NOTICE:364670+AC0-2020:TEXT:EN:HTML,2020,2,30/07/20,R209.S3,0,1,2021201158,0,N,Institutul de Boli Infec+//3//Q-ioase +//3//f/9-Prof. Dr. Matei Bal+//3//f/9//3//Q-,9524980.0,Str. Dr. Calistrat Grozovici nr. 1,Bucure+//3//Q-ti,21105,RO,N,,8,,Health,N,N,N,U,RO321,Y,,N,3.0,3.0,N,33140000,47,33140000,Y,91,,N,5570447.8,5570447.8,5570447.8,N,N,N,36.0,,,OPE,,,,,L,,,,N,02/09/20,,RO,,N,False,0.09268015369801308
2020364670,ted.europa.eu/udl?uri+AD0-TED:NOTICE:364670+AC0-2020:TEXT:EN:HTML,2020,2,30/07/20,R209.S3,0,1,202168902,0,N,Institutul de Boli Infec+//3//Q-ioase +//3//f/9-Prof. Dr. Matei Bal+//3//f/9//3//Q-,9524980.0,Str. Dr. Calistrat Grozovici nr. 1,Bucure+//3//Q-ti,21105,RO,N,,8,,Health,N,N,N,U,RO321,Y,,N,3.0,3.0,N,33140000,47,33140000,Y,91,,N,5570447.8,5570447.8,5570447.8,N,N,N,36.0,,,OPE,,,,,L,,,,N,02/09/20,,RO,,N,False,0.0676887569836721
2020364670,ted.europa.eu/udl?uri+AD0-TED:NOTICE:364670+AC0-2020:TEXT:EN:HTML,2020,2,30/07/20,R209.S3,0,1,202295397,0,N,Institutul de Boli Infec+//3//Q-ioase +//3//f/9-Prof. Dr. Matei Bal+//3//f/9//3//Q-,9524980.0,Str. Dr. Calistrat Grozovici nr. 1,Bucure+//3//Q-ti,21105,RO,N,,8,,Health,N,N,N,U,RO321,Y,,N,3.0,3.0,N,33140000,47,33140000,Y,91,,N,5570447.8,5570447.8,5570447.8,N,N,N,36.0,,,OPE,,,,,L,,,,N,02/09/20,,RO,,N,False,0.06531114952537315
2020364670,ted.europa.eu/udl?uri+AD0-TED:NOTICE:364670+AC0-2020:TEXT:EN:HTML,2020,2,30/07/20,R209.S3,0,1,202141140,0,N,Institutul de Boli Infec+//3//Q-ioase +//3//f/9-Prof. Dr. Matei Bal+//3//f/9//3//Q-,9524980.0,Str. Dr. Calistrat Grozovici nr. 1,Bucure+//3//Q-ti,21105,RO,N,,8,,Health,N,N,N,U,RO321,Y,,N,3.0,3.0,N,33140000,47,33140000,Y,91,,N,5570447.8,5570447.8,5570447.8,N,N,N,36.0,,,OPE,,,,,L,,,,N,02/09/20,,RO,,N,False,0.0676887569836721
2020364670,ted.europa.eu/udl?uri+AD0-TED:NOTICE:364670+AC0-2020:TEXT:EN:HTML,2020,2,30/07/20,R209.S3,0,1,2021128154,0,N,Institutul de Boli Infec+//3//Q-ioase +//3//f/9-Prof. Dr. Matei Bal+//3//f/9//3//Q-,9524980.0,Str. Dr. Calistrat Grozovici nr. 1,Bucure+//3//Q-ti,21105,RO,N,,8,,Health,N,N,N,U,RO321,Y,,N,3.0,3.0,N,33140000,47,33140000,Y,91,,N,5570447.8,5570447.8,5570447.8,N,N,N,36.0,,,OPE,,,,,L,,,,N,02/09/20,,RO,,N,False,0.09130577625522368
2020364670,ted.europa.eu/udl?uri+AD0-TED:NOTICE:364670+AC0-2020:TEXT:EN:HTML,2020,2,30/07/20,R209.S3,0,1,20237226,0,N,Institutul de Boli Infec+//3//Q-ioase +//3//f/9-Prof. Dr. Matei Bal+//3//f/9//3//Q-,9524980.0,Str. Dr. Calistrat Grozovici nr. 1,Bucure+//3//Q-ti,21105,RO,N,,8,,Health,N,N,N,U,RO321,Y,,N,3.0,3.0,N,33140000,47,33140000,Y,91,,N,5570447.8,5570447.8,5570447.8,N,N,N,36.0,,,OPE,,,,,L,,,,N,02/09/20,,RO,,N,False,0.059363237939503044
2020364670,ted.europa.eu/udl?uri+AD0-TED:NOTICE:364670+AC0-2020:TEXT:EN:HTML,2020,2,30/07/20,R209.S3,0,1,2022155959,0,N,Institutul de Boli Infec+//3//Q-ioase +//3//f/9-Prof. Dr. Matei Bal+//3//f/9//3//Q-,9524980.0,Str. Dr. Calistrat Grozovici nr. 1,Bucure+//3//Q-ti,21105,RO,N,,8,,Health,N,N,N,U,RO321,Y,,N,3.0,3.0,N,33140000,47,33140000,Y,91,,N,5570447.8,5570447.8,5570447.8,N,N,N,36.0,,,OPE,,,,,L,,,,N,02/09/20,,RO,,N,False,0.092752601075691
2020364670,ted.europa.eu/udl?uri+AD0-TED:NOTICE:364670+AC0-2020:TEXT:EN:HTML,2020,2,30/07/20,R209.S3,0,1,2021141148,0,N,Institutul de Boli Infec+//3//Q-ioase +//3//f/9-Prof. Dr. Matei Bal+//3//f/9//3//Q-,9524980.0,Str. Dr. Calistrat Grozovici nr. 1,Bucure+//3//Q-ti,21105,RO,N,,8,,Health,N,N,N,U,RO321,Y,,N,3.0,3.0,N,33140000,47,33140000,Y,91,,N,5570447.8,5570447.8,5570447.8,N,N,N,36.0,,,OPE,,,,,L,,,,N,02/09/20,,RO,,N,False,0.09287739050068983
2020364670,ted.europa.eu/udl?uri+AD0-TED:NOTICE:364670+AC0-2020:TEXT:EN:HTML,2020,2,30/07/20,R209.S3,0,1,2022664901,0,N,Institutul de Boli Infec+//3//Q-ioase +//3//f/9-Prof. Dr. Matei Bal+//3//f/9//3//Q-,9524980.0,Str. Dr. Calistrat Grozovici nr. 1,Bucure+//3//Q-ti,21105,RO,N,,8,,Health,N,N,N,U,RO321,Y,,N,3.0,3.0,N,33140000,47,33140000,Y,91,,N,5570447.8,5570447.8,5570447.8,N,N,N,36.0,,,OPE,,,,,L,,,,N,02/09/20,,RO,,N,False,0.08882188608113539
2020364670,ted.europa.eu/udl?uri+AD0-TED:NOTICE:364670+AC0-2020:TEXT:EN:HTML,2020,2,30/07/20,R209.S3,0,1,2021644998,0,N,Institutul de Boli Infec+//3//Q-ioase +//3//f/9-Prof. Dr. Matei Bal+//3//f/9//3//Q-,9524980.0,Str. Dr. Calistrat Grozovici nr. 1,Bucure+//3//Q-ti,21105,RO,N,,8,,Health,N,N,N,U,RO321,Y,,N,3.0,3.0,N,33140000,47,33140000,Y,91,,N,5570447.8,5570447.8,5570447.8,N,N,N,36.0,,,OPE,,,,,L,,,,N,02/09/20,,RO,,N,False,0.09300409736463627
2020364670,ted.europa.eu/udl?uri+AD0-TED:NOTICE:364670+AC0-2020:TEXT:EN:HTML,2020,2,30/07/20,R209.S3,0,1,2021502364,0,N,Institutul de Boli Infec+//3//Q-ioase +//3//f/9-Prof. Dr. Matei Bal+//3//f/9//3//Q-,9524980.0,Str. Dr. Calistrat Grozovici nr. 1,Bucure+//3//Q-ti,21105,RO,N,,8,,Health,N,N,N,U,RO321,Y,,N,3.0,3.0,N,33140000,47,33140000,Y,91,,N,5570447.8,5570447.8,5570447.8,N,N,N,36.0,,,OPE,,,,,L,,,,N,02/09/20,,RO,,N,False,0.09294100408126393
2020364670,ted.europa.eu/udl?uri+AD0-TED:NOTICE:364670+AC0-2020:TEXT:EN:HTML,2020,2,30/07/20,R209.S3,0,1,2021463488,0,N,Institutul de Boli Infec+//3//Q-ioase +//3//f/9-Prof. Dr. Matei Bal+//3//f/9//3//Q-,9524980.0,Str. Dr. Calistrat Grozovici nr. 1,Bucure+//3//Q-ti,21105,RO,N,,8,,Health,N,N,N,U,RO321,Y,,N,3.0,3.0,N,33140000,47,33140000,Y,91,,N,5570447.8,5570447.8,5570447.8,N,N,N,36.0,,,OPE,,,,,L,,,,N,02/09/20,,RO,,N,False,0.09406612381801788
2020364670,ted.europa.eu/udl?uri+AD0-TED:NOTICE:364670+AC0-2020:TEXT:EN:HTML,2020,2,30/07/20,R209.S3,0,1,2021164699,0,N,Institutul de Boli Infec+//3//Q-ioase +//3//f/9-Prof. Dr. Matei Bal+//3//f/9//3//Q-,9524980.0,Str. Dr. Calistrat Grozovici nr. 1,Bucure+//3//Q-ti,21105,RO,N,,8,,Health,N,N,N,U,RO321,Y,,N,3.0,3.0,N,33140000,47,33140000,Y,91,,N,5570447.8,5570447.8,5570447.8,N,N,N,36.0,,,OPE,,,,,L,,,,N,02/09/20,,RO,,N,False,0.09268015369801308
2020364670,ted.europa.eu/udl?uri+AD0-TED:NOTICE:364670+AC0-2020:TEXT:EN:HTML,2020,2,30/07/20,R209.S3,0,1,2021261212,0,N,Institutul de Boli Infec+//3//Q-ioase +//3//f/9-Prof. Dr. Matei Bal+//3//f/9//3//Q-,9524980.0,Str. Dr. Calistrat Grozovici nr. 1,Bucure+//3//Q-ti,21105,RO,N,,8,,Health,N,N,N,U,RO321,Y,,N,3.0,3.0,N,33140000,47,33140000,Y,91,,N,5570447.8,5570447.8,5570447.8,N,N,N,36.0,,,OPE,,,,,L,,,,N,02/09/20,,RO,,N,False,0.09268015369801308
2020364670,ted.europa.eu/udl?uri+AD0-TED:NOTICE:364670+AC0-2020:TEXT:EN:HTML,2020,2,30/07/20,R209.S3,0,1,202111197,0,N,Institutul de Boli Infec+//3//Q-ioase +//3//f/9-Prof. Dr. Matei Bal+//3//f/9//3//Q-,9524980.0,Str. Dr. Calistrat Grozovici nr. 1,Bucure+//3//Q-ti,21105,RO,N,,8,,Health,N,N,N,U,RO321,Y,,N,3.0,3.0,N,33140000,47,33140000,Y,91,,N,5570447.8,5570447.8,5570447.8,N,N,N,36.0,,,OPE,,,,,L,,,,N,02/09/20,,RO,,N,False,0.06719128508911903
2020364670,ted.europa.eu/udl?uri+AD0-TED:NOTICE:364670+AC0-2020:TEXT:EN:HTML,2020,2,30/07/20,R209.S3,0,1,202127426,0,N,Institutul de Boli Infec+//3//Q-ioase +//3//f/9-Prof. Dr. Matei Bal+//3//f/9//3//Q-,9524980.0,Str. Dr. Calistrat Grozovici nr. 1,Bucure+//3//Q-ti,21105,RO,N,,8,,Health,N,N,N,U,RO321,Y,,N,3.0,3.0,N,33140000,47,33140000,Y,91,,N,5570447.8,5570447.8,5570447.8,N,N,N,36.0,,,OPE,,,,,L,,,,N,02/09/20,,RO,,N,False,0.0679372406077764
2020364670,ted.europa.eu/udl?uri+AD0-TED:NOTICE:364670+AC0-2020:TEXT:EN:HTML,2020,2,30/07/20,R209.S3,0,1,2021173121,0,N,Institutul de Boli Infec+//3//Q-ioase +//3//f/9-Prof. Dr. Matei Bal+//3//f/9//3//Q-,9524980.0,Str. Dr. Calistrat Grozovici nr. 1,Bucure+//3//Q-ti,21105,RO,N,,8,,Health,N,N,N,U,RO321,Y,,N,3.0,3.0,N,33140000,47,33140000,Y,91,,N,5570447.8,5570447.8,5570447.8,N,N,N,36.0,,,OPE,,,,,L,,,,N,02/09/20,,RO,,N,False,0.09268015369801308
2020364670,ted.europa.eu/udl?uri+AD0-TED:NOTICE:364670+AC0-2020:TEXT:EN:HTML,2020,2,30/07/20,R209.S3,0,1,2021273696,0,N,Institutul de Boli Infec+//3//Q-ioase +//3//f/9-Prof. Dr. Matei Bal+//3//f/9//3//Q-,9524980.0,Str. Dr. Calistrat Grozovici nr. 1,Bucure+//3//Q-ti,21105,RO,N,,8,,Health,N,N,N,U,RO321,Y,,N,3.0,3.0,N,33140000,47,33140000,Y,91,,N,5570447.8,5570447.8,5570447.8,N,N,N,36.0,,,OPE,,,,,L,,,,N,02/09/20,,RO,,N,False,0.09268015369801308
2020364670,ted.europa.eu/udl?uri+AD0-TED:NOTICE:364670+AC0-2020:TEXT:EN:HTML,2020,2,30/07/20,R209.S3,0,1,2021453715,0,N,Institutul de Boli Infec+//3//Q-ioase +//3//f/9-Prof. Dr. Matei Bal+//3//f/9//3//Q-,9524980.0,Str. Dr. Calistrat Grozovici nr. 1,Bucure+//3//Q-ti,21105,RO,N,,8,,Health,N,N,N,U,RO321,Y,,N,3.0,3.0,N,33140000,47,33140000,Y,91,,N,5570447.8,5570447.8,5570447.8,N,N,N,36.0,,,OPE,,,,,L,,,,N,02/09/20,,RO,,N,False,0.09406612381801788
2020364670,ted.europa.eu/udl?uri+AD0-TED:NOTICE:364670+AC0-2020:TEXT:EN:HTML,2020,2,30/07/20,R209.S3,0,1,2022523575,0,N,Institutul de Boli Infec+//3//Q-ioase +//3//f/9-Prof. Dr. Matei Bal+//3//f/9//3//Q-,9524980.0,Str. Dr. Calistrat Grozovici nr. 1,Bucure+//3//Q-ti,21105,RO,N,,8,,Health,N,N,N,U,RO321,Y,,N,3.0,3.0,N,33140000,47,33140000,Y,91,,N,5570447.8,5570447.8,5570447.8,N,N,N,36.0,,,OPE,,,,,L,,,,N,02/09/20,,RO,,N,False,0.08966653440159755
2020364670,ted.europa.eu/udl?uri+AD0-TED:NOTICE:364670+AC0-2020:TEXT:EN:HTML,2020,2,30/07/20,R209.S3,0,1,2023176551,0,N,Institutul de Boli Infec+//3//Q-ioase +//3//f/9-Prof. Dr. Matei Bal+//3//f/9//3//Q-,9524980.0,Str. Dr. Calistrat Grozovici nr. 1,Bucure+//3//Q-ti,21105,RO,N,,8,,Health,N,N,N,U,RO321,Y,,N,3.0,3.0,N,33140000,47,33140000,Y,91,,N,5570447.8,5570447.8,5570447.8,N,N,N,36.0,,,OPE,,,,,L,,,,N,02/09/20,,RO,,N,False,0.0861751121208304
2020364670,ted.europa.eu/udl?uri+AD0-TED:NOTICE:364670+AC0-2020:TEXT:EN:HTML,2020,2,30/07/20,R209.S3,0,1,2023549295,0,N,Institutul de Boli Infec+//3//Q-ioase +//3//f/9-Prof. Dr. Matei Bal+//3//f/9//3//Q-,9524980.0,Str. Dr. Calistrat Grozovici nr. 1,Bucure+//3//Q-ti,21105,RO,N,,8,,Health,N,N,N,U,RO321,Y,,N,3.0,3.0,N,33140000,47,33140000,Y,91,,N,5570447.8,5570447.8,5570447.8,N,N,N,36.0,,,OPE,,,,,L,,,,N,02/09/20,,RO,,N,False,0.08503632809900885
2020364670,ted.europa.eu/udl?uri+AD0-TED:NOTICE:364670+AC0-2020:TEXT:EN:HTML,2020,2,30/07/20,R209.S3,0,1,2021400142,0,N,Institutul de Boli Infec+//3//Q-ioase +//3//f/9-Prof. Dr. Matei Bal+//3//f/9//3//Q-,9524980.0,Str. Dr. Calistrat Grozovici nr. 1,Bucure+//3//Q-ti,21105,RO,N,,8,,Health,N,N,N,U,RO321,Y,,N,3.0,3.0,N,33140000,47,33140000,Y,91,,N,5570447.8,5570447.8,5570447.8,N,N,N,36.0,,,OPE,,,,,L,,,,N,02/09/20,,RO,,N,False,0.09329764539297225
